region,station_key,baseline_variant,future_present_count,missing_count,missing_items
AB,ITA_AB_Fucino.162270,tmyx,6,0,
AB,ITA_AB_Fucino.162270,tmyx_2004-2018,0,7,tmyx_2004-2018;tmyx_2004-2018__rcp26_2050;tmyx_2004-2018__rcp26_2080;tmyx_2004-2018__rcp45_2050;tmyx_2004-2018__rcp45_2080;tmyx_2004-2018__rcp85_2050;tmyx_2004-2018__rcp85_2080
AB,ITA_AB_Fucino.162270,tmyx_2007-2021,6,0,
AB,ITA_AB_Fucino.162270,tmyx_2009-2023,6,0,
AB,ITA_AB_Gran.Sasso.Mtn.Rng.162290,tmyx,6,0,
AB,ITA_AB_Gran.Sasso.Mtn.Rng.162290,tmyx_2004-2018,0,7,tmyx_2004-2018;tmyx_2004-2018__rcp26_2050;tmyx_2004-2018__rcp26_2080;tmyx_2004-2018__rcp45_2050;tmyx_2004-2018__rcp45_2080;tmyx_2004-2018__rcp85_2050;tmyx_2004-2018__rcp85_2080
AB,ITA_AB_Gran.Sasso.Mtn.Rng.162290,tmyx_2007-2021,0,7,tmyx_2007-2021;tmyx_2007-2021__rcp26_2050;tmyx_2007-2021__rcp26_2080;tmyx_2007-2021__rcp45_2050;tmyx_2007-2021__rcp45_2080;tmyx_2007-2021__rcp85_2050;tmyx_2007-2021__rcp85_2080
AB,ITA_AB_Gran.Sasso.Mtn.Rng.162290,tmyx_2009-2023,0,7,tmyx_2009-2023;tmyx_2009-2023__rcp26_2050;tmyx_2009-2023__rcp26_2080;tmyx_2009-2023__rcp45_2050;tmyx_2009-2023__rcp45_2080;tmyx_2009-2023__rcp85_2050;tmyx_2009-2023__rcp85_2080
AB,ITA_AB_Pescara.Abruzzo.AP.162300,tmyx,6,0,
AB,ITA_AB_Pescara.Abruzzo.AP.162300,tmyx_2004-2018,6,0,
AB,ITA_AB_Pescara.Abruzzo.AP.162300,tmyx_2007-2021,6,0,
AB,ITA_AB_Pescara.Abruzzo.AP.162300,tmyx_2009-2023,6,0,
AB,ITA_AB_Preturo.162280,tmyx,6,0,
AB,ITA_AB_Preturo.162280,tmyx_2004-2018,0,7,tmyx_2004-2018;tmyx_2004-2018__rcp26_2050;tmyx_2004-2018__rcp26_2080;tmyx_2004-2018__rcp45_2050;tmyx_2004-2018__rcp45_2080;tmyx_2004-2018__rcp85_2050;tmyx_2004-2018__rcp85_2080
AB,ITA_AB_Preturo.162280,tmyx_2007-2021,0,7,tmyx_2007-2021;tmyx_2007-2021__rcp26_2050;tmyx_2007-2021__rcp26_2080;tmyx_2007-2021__rcp45_2050;tmyx_2007-2021__rcp45_2080;tmyx_2007-2021__rcp85_2050;tmyx_2007-2021__rcp85_2080
AB,ITA_AB_Preturo.162280,tmyx_2009-2023,0,7,tmyx_2009-2023;tmyx_2009-2023__rcp26_2050;tmyx_2009-2023__rcp26_2080;tmyx_2009-2023__rcp45_2050;tmyx_2009-2023__rcp45_2080;tmyx_2009-2023__rcp85_2050;tmyx_2009-2023__rcp85_2080
BC,ITA_BC_Latronico.163160,tmyx,6,0,
BC,ITA_BC_Latronico.163160,tmyx_2004-2018,6,0,
BC,ITA_BC_Latronico.163160,tmyx_2007-2021,6,0,
BC,ITA_BC_Latronico.163160,tmyx_2009-2023,6,0,
BC,ITA_BC_Potenza.163000,tmyx,6,0,
BC,ITA_BC_Potenza.163000,tmyx_2004-2018,0,7,tmyx_2004-2018;tmyx_2004-2018__rcp26_2050;tmyx_2004-2018__rcp26_2080;tmyx_2004-2018__rcp45_2050;tmyx_2004-2018__rcp45_2080;tmyx_2004-2018__rcp85_2050;tmyx_2004-2018__rcp85_2080
BC,ITA_BC_Potenza.163000,tmyx_2007-2021,0,7,tmyx_2007-2021;tmyx_2007-2021__rcp26_2050;tmyx_2007-2021__rcp26_2080;tmyx_2007-2021__rcp45_2050;tmyx_2007-2021__rcp45_2080;tmyx_2007-2021__rcp85_2050;tmyx_2007-2021__rcp85_2080
BC,ITA_BC_Potenza.163000,tmyx_2009-2023,0,7,tmyx_2009-2023;tmyx_2009-2023__rcp26_2050;tmyx_2009-2023__rcp26_2080;tmyx_2009-2023__rcp45_2050;tmyx_2009-2023__rcp45_2080;tmyx_2009-2023__rcp85_2050;tmyx_2009-2023__rcp85_2080
CM,ITA_CM_Cape.Palinuro.163100,tmyx,6,0,
CM,ITA_CM_Cape.Palinuro.163100,tmyx_2004-2018,6,0,
CM,ITA_CM_Cape.Palinuro.163100,tmyx_2007-2021,6,0,
CM,ITA_CM_Cape.Palinuro.163100,tmyx_2009-2023,6,0,
CM,ITA_CM_Capri.Island.162940,tmyx,6,0,
CM,ITA_CM_Capri.Island.162940,tmyx_2004-2018,6,0,
CM,ITA_CM_Capri.Island.162940,tmyx_2007-2021,6,0,
CM,ITA_CM_Capri.Island.162940,tmyx_2009-2023,6,0,
CM,ITA_CM_Caserta.162880,tmyx,6,0,
CM,ITA_CM_Caserta.162880,tmyx_2004-2018,0,7,tmyx_2004-2018;tmyx_2004-2018__rcp26_2050;tmyx_2004-2018__rcp26_2080;tmyx_2004-2018__rcp45_2050;tmyx_2004-2018__rcp45_2080;tmyx_2004-2018__rcp85_2050;tmyx_2004-2018__rcp85_2080
CM,ITA_CM_Caserta.162880,tmyx_2007-2021,6,0,
CM,ITA_CM_Caserta.162880,tmyx_2009-2023,6,0,
CM,ITA_CM_Grazzanise.AB.162530,tmyx,6,0,
CM,ITA_CM_Grazzanise.AB.162530,tmyx_2004-2018,6,0,
CM,ITA_CM_Grazzanise.AB.162530,tmyx_2007-2021,6,0,
CM,ITA_CM_Grazzanise.AB.162530,tmyx_2009-2023,6,0,
CM,ITA_CM_Napoli-Capodichino.AP.162890,tmyx,6,0,
CM,ITA_CM_Napoli-Capodichino.AP.162890,tmyx_2004-2018,6,0,
CM,ITA_CM_Napoli-Capodichino.AP.162890,tmyx_2007-2021,6,0,
CM,ITA_CM_Napoli-Capodichino.AP.162890,tmyx_2009-2023,6,0,
CM,ITA_CM_Salerno-Pontecagnano.AP.162920,tmyx,6,0,
CM,ITA_CM_Salerno-Pontecagnano.AP.162920,tmyx_2004-2018,6,0,
CM,ITA_CM_Salerno-Pontecagnano.AP.162920,tmyx_2007-2021,6,0,
CM,ITA_CM_Salerno-Pontecagnano.AP.162920,tmyx_2009-2023,6,0,
CM,ITA_CM_Trevico.162630,tmyx,6,0,
CM,ITA_CM_Trevico.162630,tmyx_2004-2018,6,0,
CM,ITA_CM_Trevico.162630,tmyx_2007-2021,6,0,
CM,ITA_CM_Trevico.162630,tmyx_2009-2023,6,0,
ER,ITA_ER_Bologna-Marconi.AP.161400,tmyx,6,0,
ER,ITA_ER_Bologna-Marconi.AP.161400,tmyx_2004-2018,6,0,
ER,ITA_ER_Bologna-Marconi.AP.161400,tmyx_2007-2021,6,0,
ER,ITA_ER_Bologna-Marconi.AP.161400,tmyx_2009-2023,6,0,
ER,ITA_ER_Cervia.AB.161480,tmyx,6,0,
ER,ITA_ER_Cervia.AB.161480,tmyx_2004-2018,6,0,
ER,ITA_ER_Cervia.AB.161480,tmyx_2007-2021,6,0,
ER,ITA_ER_Cervia.AB.161480,tmyx_2009-2023,6,0,
ER,ITA_ER_Cimone.Mtn.161340,tmyx,6,0,
ER,ITA_ER_Cimone.Mtn.161340,tmyx_2004-2018,6,0,
ER,ITA_ER_Cimone.Mtn.161340,tmyx_2007-2021,6,0,
ER,ITA_ER_Cimone.Mtn.161340,tmyx_2009-2023,6,0,
ER,ITA_ER_Cisa.Pass.161240,tmyx,6,0,
ER,ITA_ER_Cisa.Pass.161240,tmyx_2004-2018,6,0,
ER,ITA_ER_Cisa.Pass.161240,tmyx_2007-2021,6,0,
ER,ITA_ER_Cisa.Pass.161240,tmyx_2009-2023,6,0,
ER,ITA_ER_Ferrara.AP.161380,tmyx,6,0,
ER,ITA_ER_Ferrara.AP.161380,tmyx_2004-2018,6,0,
ER,ITA_ER_Ferrara.AP.161380,tmyx_2007-2021,6,0,
ER,ITA_ER_Ferrara.AP.161380,tmyx_2009-2023,6,0,
ER,ITA_ER_Forli.AP.161470,tmyx,6,0,
ER,ITA_ER_Forli.AP.161470,tmyx_2004-2018,6,0,
ER,ITA_ER_Forli.AP.161470,tmyx_2007-2021,6,0,
ER,ITA_ER_Forli.AP.161470,tmyx_2009-2023,6,0,
ER,ITA_ER_Modena.161280,tmyx,6,0,
ER,ITA_ER_Modena.161280,tmyx_2004-2018,0,7,tmyx_2004-2018;tmyx_2004-2018__rcp26_2050;tmyx_2004-2018__rcp26_2080;tmyx_2004-2018__rcp45_2050;tmyx_2004-2018__rcp45_2080;tmyx_2004-2018__rcp85_2050;tmyx_2004-2018__rcp85_2080
ER,ITA_ER_Modena.161280,tmyx_2007-2021,0,7,tmyx_2007-2021;tmyx_2007-2021__rcp26_2050;tmyx_2007-2021__rcp26_2080;tmyx_2007-2021__rcp45_2050;tmyx_2007-2021__rcp45_2080;tmyx_2007-2021__rcp85_2050;tmyx_2007-2021__rcp85_2080
ER,ITA_ER_Modena.161280,tmyx_2009-2023,0,7,tmyx_2009-2023;tmyx_2009-2023__rcp26_2050;tmyx_2009-2023__rcp26_2080;tmyx_2009-2023__rcp45_2050;tmyx_2009-2023__rcp45_2080;tmyx_2009-2023__rcp85_2050;tmyx_2009-2023__rcp85_2080
ER,ITA_ER_Parma-Verdi.AP.161300,tmyx,6,0,
ER,ITA_ER_Parma-Verdi.AP.161300,tmyx_2004-2018,6,0,
ER,ITA_ER_Parma-Verdi.AP.161300,tmyx_2007-2021,6,0,
ER,ITA_ER_Parma-Verdi.AP.161300,tmyx_2009-2023,6,0,
ER,ITA_ER_Piacenza-San.Damiano.AB.160840,tmyx,6,0,
ER,ITA_ER_Piacenza-San.Damiano.AB.160840,tmyx_2004-2018,6,0,
ER,ITA_ER_Piacenza-San.Damiano.AB.160840,tmyx_2007-2021,6,0,
ER,ITA_ER_Piacenza-San.Damiano.AB.160840,tmyx_2009-2023,6,0,
ER,ITA_ER_Punta.Marina.161460,tmyx,6,0,
ER,ITA_ER_Punta.Marina.161460,tmyx_2004-2018,0,7,tmyx_2004-2018;tmyx_2004-2018__rcp26_2050;tmyx_2004-2018__rcp26_2080;tmyx_2004-2018__rcp45_2050;tmyx_2004-2018__rcp45_2080;tmyx_2004-2018__rcp85_2050;tmyx_2004-2018__rcp85_2080
ER,ITA_ER_Punta.Marina.161460,tmyx_2007-2021,6,0,
ER,ITA_ER_Punta.Marina.161460,tmyx_2009-2023,6,0,
ER,ITA_ER_Rimini-Fellini.AP.161490,tmyx,6,0,
ER,ITA_ER_Rimini-Fellini.AP.161490,tmyx_2004-2018,6,0,
ER,ITA_ER_Rimini-Fellini.AP.161490,tmyx_2007-2021,6,0,
ER,ITA_ER_Rimini-Fellini.AP.161490,tmyx_2009-2023,6,0,
FV,ITA_FV_Aviano.AFB.160360,tmyx,6,0,
FV,ITA_FV_Aviano.AFB.160360,tmyx_2004-2018,0,7,tmyx_2004-2018;tmyx_2004-2018__rcp26_2050;tmyx_2004-2018__rcp26_2080;tmyx_2004-2018__rcp45_2050;tmyx_2004-2018__rcp45_2080;tmyx_2004-2018__rcp85_2050;tmyx_2004-2018__rcp85_2080
FV,ITA_FV_Aviano.AFB.160360,tmyx_2007-2021,6,0,
FV,ITA_FV_Aviano.AFB.160360,tmyx_2009-2023,6,0,
FV,ITA_FV_Gorizia.160455,tmyx,6,0,
FV,ITA_FV_Gorizia.160455,tmyx_2004-2018,0,7,tmyx_2004-2018;tmyx_2004-2018__rcp26_2050;tmyx_2004-2018__rcp26_2080;tmyx_2004-2018__rcp45_2050;tmyx_2004-2018__rcp45_2080;tmyx_2004-2018__rcp85_2050;tmyx_2004-2018__rcp85_2080
FV,ITA_FV_Gorizia.160455,tmyx_2007-2021,0,7,tmyx_2007-2021;tmyx_2007-2021__rcp26_2050;tmyx_2007-2021__rcp26_2080;tmyx_2007-2021__rcp45_2050;tmyx_2007-2021__rcp45_2080;tmyx_2007-2021__rcp85_2050;tmyx_2007-2021__rcp85_2080
FV,ITA_FV_Gorizia.160455,tmyx_2009-2023,0,7,tmyx_2009-2023;tmyx_2009-2023__rcp26_2050;tmyx_2009-2023__rcp26_2080;tmyx_2009-2023__rcp45_2050;tmyx_2009-2023__rcp45_2080;tmyx_2009-2023__rcp85_2050;tmyx_2009-2023__rcp85_2080
FV,ITA_FV_Tarvisio.160400,tmyx,6,0,
FV,ITA_FV_Tarvisio.160400,tmyx_2004-2018,6,0,
FV,ITA_FV_Tarvisio.160400,tmyx_2007-2021,6,0,
FV,ITA_FV_Tarvisio.160400,tmyx_2009-2023,6,0,
FV,ITA_FV_Trieste-Friuli.Venezia.Guilia.AP.161080,tmyx,6,0,
FV,ITA_FV_Trieste-Friuli.Venezia.Guilia.AP.161080,tmyx_2004-2018,6,0,
FV,ITA_FV_Trieste-Friuli.Venezia.Guilia.AP.161080,tmyx_2007-2021,6,0,
FV,ITA_FV_Trieste-Friuli.Venezia.Guilia.AP.161080,tmyx_2009-2023,6,0,
FV,ITA_FV_Trieste.161100,tmyx,6,0,
FV,ITA_FV_Trieste.161100,tmyx_2004-2018,6,0,
FV,ITA_FV_Trieste.161100,tmyx_2007-2021,6,0,
FV,ITA_FV_Trieste.161100,tmyx_2009-2023,6,0,
FV,ITA_FV_Udine-Rivolto.AB.160450,tmyx,6,0,
FV,ITA_FV_Udine-Rivolto.AB.160450,tmyx_2004-2018,0,7,tmyx_2004-2018;tmyx_2004-2018__rcp26_2050;tmyx_2004-2018__rcp26_2080;tmyx_2004-2018__rcp45_2050;tmyx_2004-2018__rcp45_2080;tmyx_2004-2018__rcp85_2050;tmyx_2004-2018__rcp85_2080
FV,ITA_FV_Udine-Rivolto.AB.160450,tmyx_2007-2021,6,0,
FV,ITA_FV_Udine-Rivolto.AB.160450,tmyx_2009-2023,6,0,
FV,ITA_FV_Udine.Campoformido.AF.160440,tmyx,6,0,
FV,ITA_FV_Udine.Campoformido.AF.160440,tmyx_2004-2018,0,7,tmyx_2004-2018;tmyx_2004-2018__rcp26_2050;tmyx_2004-2018__rcp26_2080;tmyx_2004-2018__rcp45_2050;tmyx_2004-2018__rcp45_2080;tmyx_2004-2018__rcp85_2050;tmyx_2004-2018__rcp85_2080
FV,ITA_FV_Udine.Campoformido.AF.160440,tmyx_2007-2021,0,7,tmyx_2007-2021;tmyx_2007-2021__rcp26_2050;tmyx_2007-2021__rcp26_2080;tmyx_2007-2021__rcp45_2050;tmyx_2007-2021__rcp45_2080;tmyx_2007-2021__rcp85_2050;tmyx_2007-2021__rcp85_2080
FV,ITA_FV_Udine.Campoformido.AF.160440,tmyx_2009-2023,0,7,tmyx_2009-2023;tmyx_2009-2023__rcp26_2050;tmyx_2009-2023__rcp26_2080;tmyx_2009-2023__rcp45_2050;tmyx_2009-2023__rcp45_2080;tmyx_2009-2023__rcp85_2050;tmyx_2009-2023__rcp85_2080
LB,ITA_LB_Bonifati.163370,tmyx,6,0,
LB,ITA_LB_Bonifati.163370,tmyx_2004-2018,6,0,
LB,ITA_LB_Bonifati.163370,tmyx_2007-2021,6,0,
LB,ITA_LB_Bonifati.163370,tmyx_2009-2023,6,0,
LB,ITA_LB_Cape.Spartivento.164690,tmyx,6,0,
LB,ITA_LB_Cape.Spartivento.164690,tmyx_2004-2018,0,7,tmyx_2004-2018;tmyx_2004-2018__rcp26_2050;tmyx_2004-2018__rcp26_2080;tmyx_2004-2018__rcp45_2050;tmyx_2004-2018__rcp45_2080;tmyx_2004-2018__rcp85_2050;tmyx_2004-2018__rcp85_2080
LB,ITA_LB_Cape.Spartivento.164690,tmyx_2007-2021,6,0,
LB,ITA_LB_Cape.Spartivento.164690,tmyx_2009-2023,6,0,
LB,ITA_LB_Catanzaro.163650,tmyx,6,0,
LB,ITA_LB_Catanzaro.163650,tmyx_2004-2018,0,7,tmyx_2004-2018;tmyx_2004-2018__rcp26_2050;tmyx_2004-2018__rcp26_2080;tmyx_2004-2018__rcp45_2050;tmyx_2004-2018__rcp45_2080;tmyx_2004-2018__rcp85_2050;tmyx_2004-2018__rcp85_2080
LB,ITA_LB_Catanzaro.163650,tmyx_2007-2021,6,0,
LB,ITA_LB_Catanzaro.163650,tmyx_2009-2023,6,0,
LB,ITA_LB_Crotone-S-Anna.AP.163500,tmyx,6,0,
LB,ITA_LB_Crotone-S-Anna.AP.163500,tmyx_2004-2018,6,0,
LB,ITA_LB_Crotone-S-Anna.AP.163500,tmyx_2007-2021,6,0,
LB,ITA_LB_Crotone-S-Anna.AP.163500,tmyx_2009-2023,6,0,
LB,ITA_LB_Lamezia.Terme.Intl.AP.163620,tmyx,6,0,
LB,ITA_LB_Lamezia.Terme.Intl.AP.163620,tmyx_2004-2018,6,0,
LB,ITA_LB_Lamezia.Terme.Intl.AP.163620,tmyx_2007-2021,6,0,
LB,ITA_LB_Lamezia.Terme.Intl.AP.163620,tmyx_2009-2023,6,0,
LB,ITA_LB_Reggio.di.Calabria-Minniti.AP.164220,tmyx,6,0,
LB,ITA_LB_Reggio.di.Calabria-Minniti.AP.164220,tmyx_2004-2018,6,0,
LB,ITA_LB_Reggio.di.Calabria-Minniti.AP.164220,tmyx_2007-2021,6,0,
LB,ITA_LB_Reggio.di.Calabria-Minniti.AP.164220,tmyx_2009-2023,6,0,
LB,ITA_LB_Scuro.Mtn.163440,tmyx,6,0,
LB,ITA_LB_Scuro.Mtn.163440,tmyx_2004-2018,6,0,
LB,ITA_LB_Scuro.Mtn.163440,tmyx_2007-2021,6,0,
LB,ITA_LB_Scuro.Mtn.163440,tmyx_2009-2023,6,0,
LB,ITA_LB_Serralta.di.S.Vito.163640,tmyx,6,0,
LB,ITA_LB_Serralta.di.S.Vito.163640,tmyx_2004-2018,0,7,tmyx_2004-2018;tmyx_2004-2018__rcp26_2050;tmyx_2004-2018__rcp26_2080;tmyx_2004-2018__rcp45_2050;tmyx_2004-2018__rcp45_2080;tmyx_2004-2018__rcp85_2050;tmyx_2004-2018__rcp85_2080
LB,ITA_LB_Serralta.di.S.Vito.163640,tmyx_2007-2021,6,0,
LB,ITA_LB_Serralta.di.S.Vito.163640,tmyx_2009-2023,6,0,
LG,ITA_LG_Albenga-Riviera.AP.161220,tmyx,6,0,
LG,ITA_LG_Albenga-Riviera.AP.161220,tmyx_2004-2018,6,0,
LG,ITA_LG_Albenga-Riviera.AP.161220,tmyx_2007-2021,6,0,
LG,ITA_LG_Albenga-Riviera.AP.161220,tmyx_2009-2023,6,0,
LG,ITA_LG_Cape.Mele.161530,tmyx,6,0,
LG,ITA_LG_Cape.Mele.161530,tmyx_2004-2018,6,0,
LG,ITA_LG_Cape.Mele.161530,tmyx_2007-2021,6,0,
LG,ITA_LG_Cape.Mele.161530,tmyx_2009-2023,6,0,
LG,ITA_LG_Chiavari.161230,tmyx,6,0,
LG,ITA_LG_Chiavari.161230,tmyx_2004-2018,0,7,tmyx_2004-2018;tmyx_2004-2018__rcp26_2050;tmyx_2004-2018__rcp26_2080;tmyx_2004-2018__rcp45_2050;tmyx_2004-2018__rcp45_2080;tmyx_2004-2018__rcp85_2050;tmyx_2004-2018__rcp85_2080
LG,ITA_LG_Chiavari.161230,tmyx_2007-2021,6,0,
LG,ITA_LG_Chiavari.161230,tmyx_2009-2023,6,0,
LG,ITA_LG_Genoa.161210,tmyx,6,0,
LG,ITA_LG_Genoa.161210,tmyx_2004-2018,0,7,tmyx_2004-2018;tmyx_2004-2018__rcp26_2050;tmyx_2004-2018__rcp26_2080;tmyx_2004-2018__rcp45_2050;tmyx_2004-2018__rcp45_2080;tmyx_2004-2018__rcp85_2050;tmyx_2004-2018__rcp85_2080
LG,ITA_LG_Genoa.161210,tmyx_2007-2021,6,0,
LG,ITA_LG_Genoa.161210,tmyx_2009-2023,0,7,tmyx_2009-2023;tmyx_2009-2023__rcp26_2050;tmyx_2009-2023__rcp26_2080;tmyx_2009-2023__rcp45_2050;tmyx_2009-2023__rcp45_2080;tmyx_2009-2023__rcp85_2050;tmyx_2009-2023__rcp85_2080
LG,ITA_LG_Genoa.Colombo.AP.161200,tmyx,6,0,
LG,ITA_LG_Genoa.Colombo.AP.161200,tmyx_2004-2018,6,0,
LG,ITA_LG_Genoa.Colombo.AP.161200,tmyx_2007-2021,6,0,
LG,ITA_LG_Genoa.Colombo.AP.161200,tmyx_2009-2023,6,0,
LG,ITA_LG_Giovi.Pass.161190,tmyx,6,0,
LG,ITA_LG_Giovi.Pass.161190,tmyx_2004-2018,6,0,
LG,ITA_LG_Giovi.Pass.161190,tmyx_2007-2021,6,0,
LG,ITA_LG_Giovi.Pass.161190,tmyx_2009-2023,6,0,
LG,ITA_LG_Imperia.161500,tmyx,6,0,
LG,ITA_LG_Imperia.161500,tmyx_2004-2018,0,7,tmyx_2004-2018;tmyx_2004-2018__rcp26_2050;tmyx_2004-2018__rcp26_2080;tmyx_2004-2018__rcp45_2050;tmyx_2004-2018__rcp45_2080;tmyx_2004-2018__rcp85_2050;tmyx_2004-2018__rcp85_2080
LG,ITA_LG_Imperia.161500,tmyx_2007-2021,0,7,tmyx_2007-2021;tmyx_2007-2021__rcp26_2050;tmyx_2007-2021__rcp26_2080;tmyx_2007-2021__rcp45_2050;tmyx_2007-2021__rcp45_2080;tmyx_2007-2021__rcp85_2050;tmyx_2007-2021__rcp85_2080
LG,ITA_LG_Imperia.161500,tmyx_2009-2023,0,7,tmyx_2009-2023;tmyx_2009-2023__rcp26_2050;tmyx_2009-2023__rcp26_2080;tmyx_2009-2023__rcp45_2050;tmyx_2009-2023__rcp45_2080;tmyx_2009-2023__rcp85_2050;tmyx_2009-2023__rcp85_2080
LG,ITA_LG_La.Spezia-La.Castellana-Palmaria.Island.161290,tmyx,6,0,
LG,ITA_LG_La.Spezia-La.Castellana-Palmaria.Island.161290,tmyx_2004-2018,0,7,tmyx_2004-2018;tmyx_2004-2018__rcp26_2050;tmyx_2004-2018__rcp26_2080;tmyx_2004-2018__rcp45_2050;tmyx_2004-2018__rcp45_2080;tmyx_2004-2018__rcp85_2050;tmyx_2004-2018__rcp85_2080
LG,ITA_LG_La.Spezia-La.Castellana-Palmaria.Island.161290,tmyx_2007-2021,6,0,
LG,ITA_LG_La.Spezia-La.Castellana-Palmaria.Island.161290,tmyx_2009-2023,6,0,
LG,ITA_LG_Sarzana-Luni.AB.161250,tmyx,6,0,
LG,ITA_LG_Sarzana-Luni.AB.161250,tmyx_2004-2018,0,7,tmyx_2004-2018;tmyx_2004-2018__rcp26_2050;tmyx_2004-2018__rcp26_2080;tmyx_2004-2018__rcp45_2050;tmyx_2004-2018__rcp45_2080;tmyx_2004-2018__rcp85_2050;tmyx_2004-2018__rcp85_2080
LG,ITA_LG_Sarzana-Luni.AB.161250,tmyx_2007-2021,6,0,
LG,ITA_LG_Sarzana-Luni.AB.161250,tmyx_2009-2023,6,0,
LG,ITA_LG_Sarzana.Luni.AP.161270,tmyx,6,0,
LG,ITA_LG_Sarzana.Luni.AP.161270,tmyx_2004-2018,0,7,tmyx_2004-2018;tmyx_2004-2018__rcp26_2050;tmyx_2004-2018__rcp26_2080;tmyx_2004-2018__rcp45_2050;tmyx_2004-2018__rcp45_2080;tmyx_2004-2018__rcp85_2050;tmyx_2004-2018__rcp85_2080
LG,ITA_LG_Sarzana.Luni.AP.161270,tmyx_2007-2021,0,7,tmyx_2007-2021;tmyx_2007-2021__rcp26_2050;tmyx_2007-2021__rcp26_2080;tmyx_2007-2021__rcp45_2050;tmyx_2007-2021__rcp45_2080;tmyx_2007-2021__rcp85_2050;tmyx_2007-2021__rcp85_2080
LG,ITA_LG_Sarzana.Luni.AP.161270,tmyx_2009-2023,0,7,tmyx_2009-2023;tmyx_2009-2023__rcp26_2050;tmyx_2009-2023__rcp26_2080;tmyx_2009-2023__rcp45_2050;tmyx_2009-2023__rcp45_2080;tmyx_2009-2023__rcp85_2050;tmyx_2009-2023__rcp85_2080
LG,ITA_LG_Settepani.Mtn.161110,tmyx,6,0,
LG,ITA_LG_Settepani.Mtn.161110,tmyx_2004-2018,0,7,tmyx_2004-2018;tmyx_2004-2018__rcp26_2050;tmyx_2004-2018__rcp26_2080;tmyx_2004-2018__rcp45_2050;tmyx_2004-2018__rcp45_2080;tmyx_2004-2018__rcp85_2050;tmyx_2004-2018__rcp85_2080
LG,ITA_LG_Settepani.Mtn.161110,tmyx_2007-2021,6,0,
LG,ITA_LG_Settepani.Mtn.161110,tmyx_2009-2023,6,0,
LM,ITA_LM_Bisbino.Mtn.160730,tmyx,6,0,
LM,ITA_LM_Bisbino.Mtn.160730,tmyx_2004-2018,0,7,tmyx_2004-2018;tmyx_2004-2018__rcp26_2050;tmyx_2004-2018__rcp26_2080;tmyx_2004-2018__rcp45_2050;tmyx_2004-2018__rcp45_2080;tmyx_2004-2018__rcp85_2050;tmyx_2004-2018__rcp85_2080
LM,ITA_LM_Bisbino.Mtn.160730,tmyx_2007-2021,0,7,tmyx_2007-2021;tmyx_2007-2021__rcp26_2050;tmyx_2007-2021__rcp26_2080;tmyx_2007-2021__rcp45_2050;tmyx_2007-2021__rcp45_2080;tmyx_2007-2021__rcp85_2050;tmyx_2007-2021__rcp85_2080
LM,ITA_LM_Bisbino.Mtn.160730,tmyx_2009-2023,0,7,tmyx_2009-2023;tmyx_2009-2023__rcp26_2050;tmyx_2009-2023__rcp26_2080;tmyx_2009-2023__rcp45_2050;tmyx_2009-2023__rcp45_2080;tmyx_2009-2023__rcp85_2050;tmyx_2009-2023__rcp85_2080
LM,ITA_LM_Brescia-Montichiari.AP.162593,tmyx,6,0,
LM,ITA_LM_Brescia-Montichiari.AP.162593,tmyx_2004-2018,6,0,
LM,ITA_LM_Brescia-Montichiari.AP.162593,tmyx_2007-2021,6,0,
LM,ITA_LM_Brescia-Montichiari.AP.162593,tmyx_2009-2023,6,0,
LM,ITA_LM_Desenzano.del.Garda.160890,tmyx,6,0,
LM,ITA_LM_Desenzano.del.Garda.160890,tmyx_2004-2018,6,0,
LM,ITA_LM_Desenzano.del.Garda.160890,tmyx_2007-2021,6,0,
LM,ITA_LM_Desenzano.del.Garda.160890,tmyx_2009-2023,6,0,
LM,ITA_LM_Gallarate.160670,tmyx,6,0,
LM,ITA_LM_Gallarate.160670,tmyx_2004-2018,0,7,tmyx_2004-2018;tmyx_2004-2018__rcp26_2050;tmyx_2004-2018__rcp26_2080;tmyx_2004-2018__rcp45_2050;tmyx_2004-2018__rcp45_2080;tmyx_2004-2018__rcp85_2050;tmyx_2004-2018__rcp85_2080
LM,ITA_LM_Gallarate.160670,tmyx_2007-2021,0,7,tmyx_2007-2021;tmyx_2007-2021__rcp26_2050;tmyx_2007-2021__rcp26_2080;tmyx_2007-2021__rcp45_2050;tmyx_2007-2021__rcp45_2080;tmyx_2007-2021__rcp85_2050;tmyx_2007-2021__rcp85_2080
LM,ITA_LM_Gallarate.160670,tmyx_2009-2023,0,7,tmyx_2009-2023;tmyx_2009-2023__rcp26_2050;tmyx_2009-2023__rcp26_2080;tmyx_2009-2023__rcp45_2050;tmyx_2009-2023__rcp45_2080;tmyx_2009-2023__rcp85_2050;tmyx_2009-2023__rcp85_2080
LM,ITA_LM_Ghedi.AB.160880,tmyx,6,0,
LM,ITA_LM_Ghedi.AB.160880,tmyx_2004-2018,6,0,
LM,ITA_LM_Ghedi.AB.160880,tmyx_2007-2021,6,0,
LM,ITA_LM_Ghedi.AB.160880,tmyx_2009-2023,6,0,
LM,ITA_LM_Grigna.Settentrion.160700,tmyx,6,0,
LM,ITA_LM_Grigna.Settentrion.160700,tmyx_2004-2018,0,7,tmyx_2004-2018;tmyx_2004-2018__rcp26_2050;tmyx_2004-2018__rcp26_2080;tmyx_2004-2018__rcp45_2050;tmyx_2004-2018__rcp45_2080;tmyx_2004-2018__rcp85_2050;tmyx_2004-2018__rcp85_2080
LM,ITA_LM_Grigna.Settentrion.160700,tmyx_2007-2021,0,7,tmyx_2007-2021;tmyx_2007-2021__rcp26_2050;tmyx_2007-2021__rcp26_2080;tmyx_2007-2021__rcp45_2050;tmyx_2007-2021__rcp45_2080;tmyx_2007-2021__rcp85_2050;tmyx_2007-2021__rcp85_2080
LM,ITA_LM_Grigna.Settentrion.160700,tmyx_2009-2023,0,7,tmyx_2009-2023;tmyx_2009-2023__rcp26_2050;tmyx_2009-2023__rcp26_2080;tmyx_2009-2023__rcp45_2050;tmyx_2009-2023__rcp45_2080;tmyx_2009-2023__rcp85_2050;tmyx_2009-2023__rcp85_2080
LM,ITA_LM_Milano-Bergamo.Intl.AP.160760,tmyx,6,0,
LM,ITA_LM_Milano-Bergamo.Intl.AP.160760,tmyx_2004-2018,6,0,
LM,ITA_LM_Milano-Bergamo.Intl.AP.160760,tmyx_2007-2021,6,0,
LM,ITA_LM_Milano-Bergamo.Intl.AP.160760,tmyx_2009-2023,6,0,
LM,ITA_LM_Milano-Linate.AP.160800,tmyx,6,0,
LM,ITA_LM_Milano-Linate.AP.160800,tmyx_2004-2018,6,0,
LM,ITA_LM_Milano-Linate.AP.160800,tmyx_2007-2021,6,0,
LM,ITA_LM_Milano-Linate.AP.160800,tmyx_2009-2023,6,0,
LM,ITA_LM_Milano-Malpensa.AP.160660,tmyx,6,0,
LM,ITA_LM_Milano-Malpensa.AP.160660,tmyx_2004-2018,6,0,
LM,ITA_LM_Milano-Malpensa.AP.160660,tmyx_2007-2021,6,0,
LM,ITA_LM_Milano-Malpensa.AP.160660,tmyx_2009-2023,6,0,
LZ,ITA_LZ_Cape.Circeo.162490,tmyx,6,0,
LZ,ITA_LZ_Cape.Circeo.162490,tmyx_2004-2018,0,7,tmyx_2004-2018;tmyx_2004-2018__rcp26_2050;tmyx_2004-2018__rcp26_2080;tmyx_2004-2018__rcp45_2050;tmyx_2004-2018__rcp45_2080;tmyx_2004-2018__rcp85_2050;tmyx_2004-2018__rcp85_2080
LZ,ITA_LZ_Cape.Circeo.162490,tmyx_2007-2021,6,0,
LZ,ITA_LZ_Cape.Circeo.162490,tmyx_2009-2023,0,7,tmyx_2009-2023;tmyx_2009-2023__rcp26_2050;tmyx_2009-2023__rcp26_2080;tmyx_2009-2023__rcp45_2050;tmyx_2009-2023__rcp45_2080;tmyx_2009-2023__rcp85_2050;tmyx_2009-2023__rcp85_2080
LZ,ITA_LZ_Civitavecchia.162140,tmyx,6,0,
LZ,ITA_LZ_Civitavecchia.162140,tmyx_2004-2018,6,0,
LZ,ITA_LZ_Civitavecchia.162140,tmyx_2007-2021,6,0,
LZ,ITA_LZ_Civitavecchia.162140,tmyx_2009-2023,6,0,
LZ,ITA_LZ_Frosinone.AB.162440,tmyx,6,0,
LZ,ITA_LZ_Frosinone.AB.162440,tmyx_2004-2018,6,0,
LZ,ITA_LZ_Frosinone.AB.162440,tmyx_2007-2021,6,0,
LZ,ITA_LZ_Frosinone.AB.162440,tmyx_2009-2023,6,0,
LZ,ITA_LZ_Guidonia.AB.162340,tmyx,6,0,
LZ,ITA_LZ_Guidonia.AB.162340,tmyx_2004-2018,6,0,
LZ,ITA_LZ_Guidonia.AB.162340,tmyx_2007-2021,6,0,
LZ,ITA_LZ_Guidonia.AB.162340,tmyx_2009-2023,6,0,
LZ,ITA_LZ_Isola.di.Ponza.162800,tmyx,6,0,
LZ,ITA_LZ_Isola.di.Ponza.162800,tmyx_2004-2018,6,0,
LZ,ITA_LZ_Isola.di.Ponza.162800,tmyx_2007-2021,6,0,
LZ,ITA_LZ_Isola.di.Ponza.162800,tmyx_2009-2023,6,0,
LZ,ITA_LZ_Latina.AP.162430,tmyx,6,0,
LZ,ITA_LZ_Latina.AP.162430,tmyx_2004-2018,6,0,
LZ,ITA_LZ_Latina.AP.162430,tmyx_2007-2021,6,0,
LZ,ITA_LZ_Latina.AP.162430,tmyx_2009-2023,6,0,
LZ,ITA_LZ_Orte.162170,tmyx,6,0,
LZ,ITA_LZ_Orte.162170,tmyx_2004-2018,0,7,tmyx_2004-2018;tmyx_2004-2018__rcp26_2050;tmyx_2004-2018__rcp26_2080;tmyx_2004-2018__rcp45_2050;tmyx_2004-2018__rcp45_2080;tmyx_2004-2018__rcp85_2050;tmyx_2004-2018__rcp85_2080
LZ,ITA_LZ_Orte.162170,tmyx_2007-2021,0,7,tmyx_2007-2021;tmyx_2007-2021__rcp26_2050;tmyx_2007-2021__rcp26_2080;tmyx_2007-2021__rcp45_2050;tmyx_2007-2021__rcp45_2080;tmyx_2007-2021__rcp85_2050;tmyx_2007-2021__rcp85_2080
LZ,ITA_LZ_Orte.162170,tmyx_2009-2023,0,7,tmyx_2009-2023;tmyx_2009-2023__rcp26_2050;tmyx_2009-2023__rcp26_2080;tmyx_2009-2023__rcp45_2050;tmyx_2009-2023__rcp45_2080;tmyx_2009-2023__rcp85_2050;tmyx_2009-2023__rcp85_2080
LZ,ITA_LZ_Pratica.di.Mare.AB.162450,tmyx,6,0,
LZ,ITA_LZ_Pratica.di.Mare.AB.162450,tmyx_2004-2018,6,0,
LZ,ITA_LZ_Pratica.di.Mare.AB.162450,tmyx_2007-2021,6,0,
LZ,ITA_LZ_Pratica.di.Mare.AB.162450,tmyx_2009-2023,6,0,
LZ,ITA_LZ_Rieti.AF.162210,tmyx,6,0,
LZ,ITA_LZ_Rieti.AF.162210,tmyx_2004-2018,6,0,
LZ,ITA_LZ_Rieti.AF.162210,tmyx_2007-2021,6,0,
LZ,ITA_LZ_Rieti.AF.162210,tmyx_2009-2023,6,0,
LZ,ITA_LZ_Roma-Ciampino.AP.162390,tmyx,6,0,
LZ,ITA_LZ_Roma-Ciampino.AP.162390,tmyx_2004-2018,6,0,
LZ,ITA_LZ_Roma-Ciampino.AP.162390,tmyx_2007-2021,6,0,
LZ,ITA_LZ_Roma-Ciampino.AP.162390,tmyx_2009-2023,6,0,
LZ,ITA_LZ_Roma.Urbe.Rgnl.AP.162350,tmyx,6,0,
LZ,ITA_LZ_Roma.Urbe.Rgnl.AP.162350,tmyx_2004-2018,6,0,
LZ,ITA_LZ_Roma.Urbe.Rgnl.AP.162350,tmyx_2007-2021,6,0,
LZ,ITA_LZ_Roma.Urbe.Rgnl.AP.162350,tmyx_2009-2023,6,0,
LZ,ITA_LZ_Rome-Fiumicino-da.Vinci.AP.162420,tmyx,6,0,
LZ,ITA_LZ_Rome-Fiumicino-da.Vinci.AP.162420,tmyx_2004-2018,6,0,
LZ,ITA_LZ_Rome-Fiumicino-da.Vinci.AP.162420,tmyx_2007-2021,6,0,
LZ,ITA_LZ_Rome-Fiumicino-da.Vinci.AP.162420,tmyx_2009-2023,6,0,
LZ,ITA_LZ_Rome.162400,tmyx,6,0,
LZ,ITA_LZ_Rome.162400,tmyx_2004-2018,0,7,tmyx_2004-2018;tmyx_2004-2018__rcp26_2050;tmyx_2004-2018__rcp26_2080;tmyx_2004-2018__rcp45_2050;tmyx_2004-2018__rcp45_2080;tmyx_2004-2018__rcp85_2050;tmyx_2004-2018__rcp85_2080
LZ,ITA_LZ_Rome.162400,tmyx_2007-2021,0,7,tmyx_2007-2021;tmyx_2007-2021__rcp26_2050;tmyx_2007-2021__rcp26_2080;tmyx_2007-2021__rcp45_2050;tmyx_2007-2021__rcp45_2080;tmyx_2007-2021__rcp85_2050;tmyx_2007-2021__rcp85_2080
LZ,ITA_LZ_Rome.162400,tmyx_2009-2023,0,7,tmyx_2009-2023;tmyx_2009-2023__rcp26_2050;tmyx_2009-2023__rcp26_2080;tmyx_2009-2023__rcp45_2050;tmyx_2009-2023__rcp45_2080;tmyx_2009-2023__rcp85_2050;tmyx_2009-2023__rcp85_2080
LZ,ITA_LZ_Rome.Central.162380,tmyx,6,0,
LZ,ITA_LZ_Rome.Central.162380,tmyx_2004-2018,0,7,tmyx_2004-2018;tmyx_2004-2018__rcp26_2050;tmyx_2004-2018__rcp26_2080;tmyx_2004-2018__rcp45_2050;tmyx_2004-2018__rcp45_2080;tmyx_2004-2018__rcp85_2050;tmyx_2004-2018__rcp85_2080
LZ,ITA_LZ_Rome.Central.162380,tmyx_2007-2021,0,7,tmyx_2007-2021;tmyx_2007-2021__rcp26_2050;tmyx_2007-2021__rcp26_2080;tmyx_2007-2021__rcp45_2050;tmyx_2007-2021__rcp45_2080;tmyx_2007-2021__rcp85_2050;tmyx_2007-2021__rcp85_2080
LZ,ITA_LZ_Rome.Central.162380,tmyx_2009-2023,0,7,tmyx_2009-2023;tmyx_2009-2023__rcp26_2050;tmyx_2009-2023__rcp26_2080;tmyx_2009-2023__rcp45_2050;tmyx_2009-2023__rcp45_2080;tmyx_2009-2023__rcp85_2050;tmyx_2009-2023__rcp85_2080
LZ,ITA_LZ_Terminillo.Mtn.162190,tmyx,6,0,
LZ,ITA_LZ_Terminillo.Mtn.162190,tmyx_2004-2018,6,0,
LZ,ITA_LZ_Terminillo.Mtn.162190,tmyx_2007-2021,6,0,
LZ,ITA_LZ_Terminillo.Mtn.162190,tmyx_2009-2023,6,0,
LZ,ITA_LZ_Vigna.di.Valle.162240,tmyx,6,0,
LZ,ITA_LZ_Vigna.di.Valle.162240,tmyx_2004-2018,6,0,
LZ,ITA_LZ_Vigna.di.Valle.162240,tmyx_2007-2021,6,0,
LZ,ITA_LZ_Vigna.di.Valle.162240,tmyx_2009-2023,6,0,
LZ,ITA_LZ_Viterbo.AP.162160,tmyx,6,0,
LZ,ITA_LZ_Viterbo.AP.162160,tmyx_2004-2018,6,0,
LZ,ITA_LZ_Viterbo.AP.162160,tmyx_2007-2021,6,0,
LZ,ITA_LZ_Viterbo.AP.162160,tmyx_2009-2023,6,0,
MH,ITA_MH_Ancona.161900,tmyx,6,0,
MH,ITA_MH_Ancona.161900,tmyx_2004-2018,0,7,tmyx_2004-2018;tmyx_2004-2018__rcp26_2050;tmyx_2004-2018__rcp26_2080;tmyx_2004-2018__rcp45_2050;tmyx_2004-2018__rcp45_2080;tmyx_2004-2018__rcp85_2050;tmyx_2004-2018__rcp85_2080
MH,ITA_MH_Ancona.161900,tmyx_2007-2021,6,0,
MH,ITA_MH_Ancona.161900,tmyx_2009-2023,6,0,
MH,ITA_MH_Frontone.161790,tmyx,6,0,
MH,ITA_MH_Frontone.161790,tmyx_2004-2018,6,0,
MH,ITA_MH_Frontone.161790,tmyx_2007-2021,6,0,
MH,ITA_MH_Frontone.161790,tmyx_2009-2023,6,0,
MH,ITA_MH_Grottammare.162250,tmyx,6,0,
MH,ITA_MH_Grottammare.162250,tmyx_2004-2018,0,7,tmyx_2004-2018;tmyx_2004-2018__rcp26_2050;tmyx_2004-2018__rcp26_2080;tmyx_2004-2018__rcp45_2050;tmyx_2004-2018__rcp45_2080;tmyx_2004-2018__rcp85_2050;tmyx_2004-2018__rcp85_2080
MH,ITA_MH_Grottammare.162250,tmyx_2007-2021,0,7,tmyx_2007-2021;tmyx_2007-2021__rcp26_2050;tmyx_2007-2021__rcp26_2080;tmyx_2007-2021__rcp45_2050;tmyx_2007-2021__rcp45_2080;tmyx_2007-2021__rcp85_2050;tmyx_2007-2021__rcp85_2080
MH,ITA_MH_Grottammare.162250,tmyx_2009-2023,0,7,tmyx_2009-2023;tmyx_2009-2023__rcp26_2050;tmyx_2009-2023__rcp26_2080;tmyx_2009-2023__rcp45_2050;tmyx_2009-2023__rcp45_2080;tmyx_2009-2023__rcp85_2050;tmyx_2009-2023__rcp85_2080
MH,ITA_MH_Loreto.161920,tmyx,6,0,
MH,ITA_MH_Loreto.161920,tmyx_2004-2018,0,7,tmyx_2004-2018;tmyx_2004-2018__rcp26_2050;tmyx_2004-2018__rcp26_2080;tmyx_2004-2018__rcp45_2050;tmyx_2004-2018__rcp45_2080;tmyx_2004-2018__rcp85_2050;tmyx_2004-2018__rcp85_2080
MH,ITA_MH_Loreto.161920,tmyx_2007-2021,6,0,
MH,ITA_MH_Loreto.161920,tmyx_2009-2023,6,0,
MH,ITA_MH_Marche.AP.161910,tmyx,6,0,
MH,ITA_MH_Marche.AP.161910,tmyx_2004-2018,6,0,
MH,ITA_MH_Marche.AP.161910,tmyx_2007-2021,6,0,
MH,ITA_MH_Marche.AP.161910,tmyx_2009-2023,6,0,
ML,ITA_ML_Campobasso.162520,tmyx,6,0,
ML,ITA_ML_Campobasso.162520,tmyx_2004-2018,6,0,
ML,ITA_ML_Campobasso.162520,tmyx_2007-2021,6,0,
ML,ITA_ML_Campobasso.162520,tmyx_2009-2023,6,0,
ML,ITA_ML_Termoli.162320,tmyx,6,0,
ML,ITA_ML_Termoli.162320,tmyx_2004-2018,6,0,
ML,ITA_ML_Termoli.162320,tmyx_2007-2021,6,0,
ML,ITA_ML_Termoli.162320,tmyx_2009-2023,6,0,
PM,ITA_PM_Bousson.160580,tmyx,6,0,
PM,ITA_PM_Bousson.160580,tmyx_2004-2018,0,7,tmyx_2004-2018;tmyx_2004-2018__rcp26_2050;tmyx_2004-2018__rcp26_2080;tmyx_2004-2018__rcp45_2050;tmyx_2004-2018__rcp45_2080;tmyx_2004-2018__rcp85_2050;tmyx_2004-2018__rcp85_2080
PM,ITA_PM_Bousson.160580,tmyx_2007-2021,6,0,
PM,ITA_PM_Bousson.160580,tmyx_2009-2023,6,0,
PM,ITA_PM_Casale.Monferrato.160680,tmyx,6,0,
PM,ITA_PM_Casale.Monferrato.160680,tmyx_2004-2018,0,7,tmyx_2004-2018;tmyx_2004-2018__rcp26_2050;tmyx_2004-2018__rcp26_2080;tmyx_2004-2018__rcp45_2050;tmyx_2004-2018__rcp45_2080;tmyx_2004-2018__rcp85_2050;tmyx_2004-2018__rcp85_2080
PM,ITA_PM_Casale.Monferrato.160680,tmyx_2007-2021,6,0,
PM,ITA_PM_Casale.Monferrato.160680,tmyx_2009-2023,6,0,
PM,ITA_PM_Cuneo-Levaldigi.AP.161170,tmyx,6,0,
PM,ITA_PM_Cuneo-Levaldigi.AP.161170,tmyx_2004-2018,6,0,
PM,ITA_PM_Cuneo-Levaldigi.AP.161170,tmyx_2007-2021,6,0,
PM,ITA_PM_Cuneo-Levaldigi.AP.161170,tmyx_2009-2023,6,0,
PM,ITA_PM_Fraiteve.Mtn.161120,tmyx,6,0,
PM,ITA_PM_Fraiteve.Mtn.161120,tmyx_2004-2018,0,7,tmyx_2004-2018;tmyx_2004-2018__rcp26_2050;tmyx_2004-2018__rcp26_2080;tmyx_2004-2018__rcp45_2050;tmyx_2004-2018__rcp45_2080;tmyx_2004-2018__rcp85_2050;tmyx_2004-2018__rcp85_2080
PM,ITA_PM_Fraiteve.Mtn.161120,tmyx_2007-2021,0,7,tmyx_2007-2021;tmyx_2007-2021__rcp26_2050;tmyx_2007-2021__rcp26_2080;tmyx_2007-2021__rcp45_2050;tmyx_2007-2021__rcp45_2080;tmyx_2007-2021__rcp85_2050;tmyx_2007-2021__rcp85_2080
PM,ITA_PM_Fraiteve.Mtn.161120,tmyx_2009-2023,0,7,tmyx_2009-2023;tmyx_2009-2023__rcp26_2050;tmyx_2009-2023__rcp26_2080;tmyx_2009-2023__rcp45_2050;tmyx_2009-2023__rcp45_2080;tmyx_2009-2023__rcp85_2050;tmyx_2009-2023__rcp85_2080
PM,ITA_PM_Govone.161160,tmyx,6,0,
PM,ITA_PM_Govone.161160,tmyx_2004-2018,0,7,tmyx_2004-2018;tmyx_2004-2018__rcp26_2050;tmyx_2004-2018__rcp26_2080;tmyx_2004-2018__rcp45_2050;tmyx_2004-2018__rcp45_2080;tmyx_2004-2018__rcp85_2050;tmyx_2004-2018__rcp85_2080
PM,ITA_PM_Govone.161160,tmyx_2007-2021,0,7,tmyx_2007-2021;tmyx_2007-2021__rcp26_2050;tmyx_2007-2021__rcp26_2080;tmyx_2007-2021__rcp45_2050;tmyx_2007-2021__rcp45_2080;tmyx_2007-2021__rcp85_2050;tmyx_2007-2021__rcp85_2080
PM,ITA_PM_Govone.161160,tmyx_2009-2023,0,7,tmyx_2009-2023;tmyx_2009-2023__rcp26_2050;tmyx_2009-2023__rcp26_2080;tmyx_2009-2023__rcp45_2050;tmyx_2009-2023__rcp45_2080;tmyx_2009-2023__rcp85_2050;tmyx_2009-2023__rcp85_2080
PM,ITA_PM_Limone.Colle.di.Tenda.161150,tmyx,6,0,
PM,ITA_PM_Limone.Colle.di.Tenda.161150,tmyx_2004-2018,6,0,
PM,ITA_PM_Limone.Colle.di.Tenda.161150,tmyx_2007-2021,6,0,
PM,ITA_PM_Limone.Colle.di.Tenda.161150,tmyx_2009-2023,6,0,
PM,ITA_PM_Mondovi.161140,tmyx,6,0,
PM,ITA_PM_Mondovi.161140,tmyx_2004-2018,6,0,
PM,ITA_PM_Mondovi.161140,tmyx_2007-2021,6,0,
PM,ITA_PM_Mondovi.161140,tmyx_2009-2023,6,0,
PM,ITA_PM_Novi.Ligure.161180,tmyx,6,0,
PM,ITA_PM_Novi.Ligure.161180,tmyx_2004-2018,0,7,tmyx_2004-2018;tmyx_2004-2018__rcp26_2050;tmyx_2004-2018__rcp26_2080;tmyx_2004-2018__rcp45_2050;tmyx_2004-2018__rcp45_2080;tmyx_2004-2018__rcp85_2050;tmyx_2004-2018__rcp85_2080
PM,ITA_PM_Novi.Ligure.161180,tmyx_2007-2021,0,7,tmyx_2007-2021;tmyx_2007-2021__rcp26_2050;tmyx_2007-2021__rcp26_2080;tmyx_2007-2021__rcp45_2050;tmyx_2007-2021__rcp45_2080;tmyx_2007-2021__rcp85_2050;tmyx_2007-2021__rcp85_2080
PM,ITA_PM_Novi.Ligure.161180,tmyx_2009-2023,0,7,tmyx_2009-2023;tmyx_2009-2023__rcp26_2050;tmyx_2009-2023__rcp26_2080;tmyx_2009-2023__rcp45_2050;tmyx_2009-2023__rcp45_2080;tmyx_2009-2023__rcp85_2050;tmyx_2009-2023__rcp85_2080
PM,ITA_PM_Torino-Bric.della.Croce.160610,tmyx,6,0,
PM,ITA_PM_Torino-Bric.della.Croce.160610,tmyx_2004-2018,6,0,
PM,ITA_PM_Torino-Bric.della.Croce.160610,tmyx_2007-2021,6,0,
PM,ITA_PM_Torino-Bric.della.Croce.160610,tmyx_2009-2023,6,0,
PM,ITA_PM_Torino-Caselle.AP.160590,tmyx,6,0,
PM,ITA_PM_Torino-Caselle.AP.160590,tmyx_2004-2018,6,0,
PM,ITA_PM_Torino-Caselle.AP.160590,tmyx_2007-2021,6,0,
PM,ITA_PM_Torino-Caselle.AP.160590,tmyx_2009-2023,6,0,
PM,ITA_PM_Torino.AF.160595,tmyx,6,0,
PM,ITA_PM_Torino.AF.160595,tmyx_2004-2018,6,0,
PM,ITA_PM_Torino.AF.160595,tmyx_2007-2021,6,0,
PM,ITA_PM_Torino.AF.160595,tmyx_2009-2023,6,0,
PM,ITA_PM_Torino.Venaria.160600,tmyx,6,0,
PM,ITA_PM_Torino.Venaria.160600,tmyx_2004-2018,0,7,tmyx_2004-2018;tmyx_2004-2018__rcp26_2050;tmyx_2004-2018__rcp26_2080;tmyx_2004-2018__rcp45_2050;tmyx_2004-2018__rcp45_2080;tmyx_2004-2018__rcp85_2050;tmyx_2004-2018__rcp85_2080
PM,ITA_PM_Torino.Venaria.160600,tmyx_2007-2021,6,0,
PM,ITA_PM_Torino.Venaria.160600,tmyx_2009-2023,6,0,
PU,ITA_PU_Amendola.AP.162610,tmyx,6,0,
PU,ITA_PU_Amendola.AP.162610,tmyx_2004-2018,6,0,
PU,ITA_PU_Amendola.AP.162610,tmyx_2007-2021,6,0,
PU,ITA_PU_Amendola.AP.162610,tmyx_2009-2023,6,0,
PU,ITA_PU_Bari-Wojtyla.Intl.AP.162700,tmyx,6,0,
PU,ITA_PU_Bari-Wojtyla.Intl.AP.162700,tmyx_2004-2018,6,0,
PU,ITA_PU_Bari-Wojtyla.Intl.AP.162700,tmyx_2007-2021,6,0,
PU,ITA_PU_Bari-Wojtyla.Intl.AP.162700,tmyx_2009-2023,6,0,
PU,ITA_PU_Bari.162710,tmyx,6,0,
PU,ITA_PU_Bari.162710,tmyx_2004-2018,6,0,
PU,ITA_PU_Bari.162710,tmyx_2007-2021,6,0,
PU,ITA_PU_Bari.162710,tmyx_2009-2023,6,0,
PU,ITA_PU_Foggia.AP.162600,tmyx,6,0,
PU,ITA_PU_Foggia.AP.162600,tmyx_2004-2018,6,0,
PU,ITA_PU_Foggia.AP.162600,tmyx_2007-2021,6,0,
PU,ITA_PU_Foggia.AP.162600,tmyx_2009-2023,6,0,
PU,ITA_PU_Ginosa.Marina.163250,tmyx,6,0,
PU,ITA_PU_Ginosa.Marina.163250,tmyx_2004-2018,6,0,
PU,ITA_PU_Ginosa.Marina.163250,tmyx_2007-2021,6,0,
PU,ITA_PU_Ginosa.Marina.163250,tmyx_2009-2023,6,0,
PU,ITA_PU_Lecce-Galatina.AB.163320,tmyx,6,0,
PU,ITA_PU_Lecce-Galatina.AB.163320,tmyx_2004-2018,6,0,
PU,ITA_PU_Lecce-Galatina.AB.163320,tmyx_2007-2021,6,0,
PU,ITA_PU_Lecce-Galatina.AB.163320,tmyx_2009-2023,6,0,
PU,ITA_PU_Marina.di.Ginosa.162640,tmyx,6,0,
PU,ITA_PU_Marina.di.Ginosa.162640,tmyx_2004-2018,0,7,tmyx_2004-2018;tmyx_2004-2018__rcp26_2050;tmyx_2004-2018__rcp26_2080;tmyx_2004-2018__rcp45_2050;tmyx_2004-2018__rcp45_2080;tmyx_2004-2018__rcp85_2050;tmyx_2004-2018__rcp85_2080
PU,ITA_PU_Marina.di.Ginosa.162640,tmyx_2007-2021,0,7,tmyx_2007-2021;tmyx_2007-2021__rcp26_2050;tmyx_2007-2021__rcp26_2080;tmyx_2007-2021__rcp45_2050;tmyx_2007-2021__rcp45_2080;tmyx_2007-2021__rcp85_2050;tmyx_2007-2021__rcp85_2080
PU,ITA_PU_Marina.di.Ginosa.162640,tmyx_2009-2023,0,7,tmyx_2009-2023;tmyx_2009-2023__rcp26_2050;tmyx_2009-2023__rcp26_2080;tmyx_2009-2023__rcp45_2050;tmyx_2009-2023__rcp45_2080;tmyx_2009-2023__rcp85_2050;tmyx_2009-2023__rcp85_2080
PU,ITA_PU_Martina.Franca.163180,tmyx,6,0,
PU,ITA_PU_Martina.Franca.163180,tmyx_2004-2018,0,7,tmyx_2004-2018;tmyx_2004-2018__rcp26_2050;tmyx_2004-2018__rcp26_2080;tmyx_2004-2018__rcp45_2050;tmyx_2004-2018__rcp45_2080;tmyx_2004-2018__rcp85_2050;tmyx_2004-2018__rcp85_2080
PU,ITA_PU_Martina.Franca.163180,tmyx_2007-2021,6,0,
PU,ITA_PU_Martina.Franca.163180,tmyx_2009-2023,6,0,
PU,ITA_PU_Matera.163140,tmyx,6,0,
PU,ITA_PU_Matera.163140,tmyx_2004-2018,0,7,tmyx_2004-2018;tmyx_2004-2018__rcp26_2050;tmyx_2004-2018__rcp26_2080;tmyx_2004-2018__rcp45_2050;tmyx_2004-2018__rcp45_2080;tmyx_2004-2018__rcp85_2050;tmyx_2004-2018__rcp85_2080
PU,ITA_PU_Matera.163140,tmyx_2007-2021,6,0,
PU,ITA_PU_Matera.163140,tmyx_2009-2023,6,0,
PU,ITA_PU_Otranto.163340,tmyx,6,0,
PU,ITA_PU_Otranto.163340,tmyx_2004-2018,0,7,tmyx_2004-2018;tmyx_2004-2018__rcp26_2050;tmyx_2004-2018__rcp26_2080;tmyx_2004-2018__rcp45_2050;tmyx_2004-2018__rcp45_2080;tmyx_2004-2018__rcp85_2050;tmyx_2004-2018__rcp85_2080
PU,ITA_PU_Otranto.163340,tmyx_2007-2021,6,0,
PU,ITA_PU_Otranto.163340,tmyx_2009-2023,6,0,
PU,ITA_PU_Ramirez.AB.163120,tmyx,6,0,
PU,ITA_PU_Ramirez.AB.163120,tmyx_2004-2018,6,0,
PU,ITA_PU_Ramirez.AB.163120,tmyx_2007-2021,6,0,
PU,ITA_PU_Ramirez.AB.163120,tmyx_2009-2023,6,0,
PU,ITA_PU_S.Angelo.Mtn.162580,tmyx,6,0,
PU,ITA_PU_S.Angelo.Mtn.162580,tmyx_2004-2018,6,0,
PU,ITA_PU_S.Angelo.Mtn.162580,tmyx_2007-2021,6,0,
PU,ITA_PU_S.Angelo.Mtn.162580,tmyx_2009-2023,6,0,
PU,ITA_PU_Salento-Brindisi.AP.163200,tmyx,6,0,
PU,ITA_PU_Salento-Brindisi.AP.163200,tmyx_2004-2018,6,0,
PU,ITA_PU_Salento-Brindisi.AP.163200,tmyx_2007-2021,6,0,
PU,ITA_PU_Salento-Brindisi.AP.163200,tmyx_2009-2023,6,0,
PU,ITA_PU_Santa.Maria.di.Leuc.163600,tmyx,6,0,
PU,ITA_PU_Santa.Maria.di.Leuc.163600,tmyx_2004-2018,6,0,
PU,ITA_PU_Santa.Maria.di.Leuc.163600,tmyx_2007-2021,6,0,
PU,ITA_PU_Santa.Maria.di.Leuc.163600,tmyx_2009-2023,6,0,
PU,ITA_PU_Taranto-Grottaglie.AP.163240,tmyx,6,0,
PU,ITA_PU_Taranto-Grottaglie.AP.163240,tmyx_2004-2018,6,0,
PU,ITA_PU_Taranto-Grottaglie.AP.163240,tmyx_2007-2021,6,0,
PU,ITA_PU_Taranto-Grottaglie.AP.163240,tmyx_2009-2023,6,0,
PU,ITA_PU_Vieste.162660,tmyx,6,0,
PU,ITA_PU_Vieste.162660,tmyx_2004-2018,0,7,tmyx_2004-2018;tmyx_2004-2018__rcp26_2050;tmyx_2004-2018__rcp26_2080;tmyx_2004-2018__rcp45_2050;tmyx_2004-2018__rcp45_2080;tmyx_2004-2018__rcp85_2050;tmyx_2004-2018__rcp85_2080
PU,ITA_PU_Vieste.162660,tmyx_2007-2021,6,0,
PU,ITA_PU_Vieste.162660,tmyx_2009-2023,6,0,
SC,ITA_SC_Catania.Fontanarossa.AP.164600,tmyx,6,0,
SC,ITA_SC_Catania.Fontanarossa.AP.164600,tmyx_2004-2018,6,0,
SC,ITA_SC_Catania.Fontanarossa.AP.164600,tmyx_2007-2021,6,0,
SC,ITA_SC_Catania.Fontanarossa.AP.164600,tmyx_2009-2023,6,0,
SC,ITA_SC_Comiso.164750,tmyx,6,0,
SC,ITA_SC_Comiso.164750,tmyx_2004-2018,0,7,tmyx_2004-2018;tmyx_2004-2018__rcp26_2050;tmyx_2004-2018__rcp26_2080;tmyx_2004-2018__rcp45_2050;tmyx_2004-2018__rcp45_2080;tmyx_2004-2018__rcp85_2050;tmyx_2004-2018__rcp85_2080
SC,ITA_SC_Comiso.164750,tmyx_2007-2021,6,0,
SC,ITA_SC_Comiso.164750,tmyx_2009-2023,6,0,
SC,ITA_SC_Cozzo.Spadaro.164800,tmyx,6,0,
SC,ITA_SC_Cozzo.Spadaro.164800,tmyx_2004-2018,6,0,
SC,ITA_SC_Cozzo.Spadaro.164800,tmyx_2007-2021,6,0,
SC,ITA_SC_Cozzo.Spadaro.164800,tmyx_2009-2023,6,0,
SC,ITA_SC_Enna.164500,tmyx,6,0,
SC,ITA_SC_Enna.164500,tmyx_2004-2018,6,0,
SC,ITA_SC_Enna.164500,tmyx_2007-2021,6,0,
SC,ITA_SC_Enna.164500,tmyx_2009-2023,6,0,
SC,ITA_SC_Gela.164530,tmyx,6,0,
SC,ITA_SC_Gela.164530,tmyx_2004-2018,6,0,
SC,ITA_SC_Gela.164530,tmyx_2007-2021,6,0,
SC,ITA_SC_Gela.164530,tmyx_2009-2023,6,0,
SC,ITA_SC_Gibilmanna.164420,tmyx,6,0,
SC,ITA_SC_Gibilmanna.164420,tmyx_2004-2018,0,7,tmyx_2004-2018;tmyx_2004-2018__rcp26_2050;tmyx_2004-2018__rcp26_2080;tmyx_2004-2018__rcp45_2050;tmyx_2004-2018__rcp45_2080;tmyx_2004-2018__rcp85_2050;tmyx_2004-2018__rcp85_2080
SC,ITA_SC_Gibilmanna.164420,tmyx_2007-2021,6,0,
SC,ITA_SC_Gibilmanna.164420,tmyx_2009-2023,6,0,
SC,ITA_SC_Isola.Salina.164150,tmyx,6,0,
SC,ITA_SC_Isola.Salina.164150,tmyx_2004-2018,0,7,tmyx_2004-2018;tmyx_2004-2018__rcp26_2050;tmyx_2004-2018__rcp26_2080;tmyx_2004-2018__rcp45_2050;tmyx_2004-2018__rcp45_2080;tmyx_2004-2018__rcp85_2050;tmyx_2004-2018__rcp85_2080
SC,ITA_SC_Isola.Salina.164150,tmyx_2007-2021,6,0,
SC,ITA_SC_Isola.Salina.164150,tmyx_2009-2023,6,0,
SC,ITA_SC_Isola.Stromboli.164160,tmyx,6,0,
SC,ITA_SC_Isola.Stromboli.164160,tmyx_2004-2018,0,7,tmyx_2004-2018;tmyx_2004-2018__rcp26_2050;tmyx_2004-2018__rcp26_2080;tmyx_2004-2018__rcp45_2050;tmyx_2004-2018__rcp45_2080;tmyx_2004-2018__rcp85_2050;tmyx_2004-2018__rcp85_2080
SC,ITA_SC_Isola.Stromboli.164160,tmyx_2007-2021,6,0,
SC,ITA_SC_Isola.Stromboli.164160,tmyx_2009-2023,6,0,
SC,ITA_SC_Lampedusa.AP.164900,tmyx,6,0,
SC,ITA_SC_Lampedusa.AP.164900,tmyx_2004-2018,6,0,
SC,ITA_SC_Lampedusa.AP.164900,tmyx_2007-2021,6,0,
SC,ITA_SC_Lampedusa.AP.164900,tmyx_2009-2023,6,0,
SC,ITA_SC_Messina.164200,tmyx,6,0,
SC,ITA_SC_Messina.164200,tmyx_2004-2018,6,0,
SC,ITA_SC_Messina.164200,tmyx_2007-2021,6,0,
SC,ITA_SC_Messina.164200,tmyx_2009-2023,6,0,
SC,ITA_SC_Mezzo.Gregorio.164650,tmyx,6,0,
SC,ITA_SC_Mezzo.Gregorio.164650,tmyx_2004-2018,0,7,tmyx_2004-2018;tmyx_2004-2018__rcp26_2050;tmyx_2004-2018__rcp26_2080;tmyx_2004-2018__rcp45_2050;tmyx_2004-2018__rcp45_2080;tmyx_2004-2018__rcp85_2050;tmyx_2004-2018__rcp85_2080
SC,ITA_SC_Mezzo.Gregorio.164650,tmyx_2007-2021,6,0,
SC,ITA_SC_Mezzo.Gregorio.164650,tmyx_2009-2023,6,0,
SC,ITA_SC_NAS.Signoella.164590,tmyx,6,0,
SC,ITA_SC_NAS.Signoella.164590,tmyx_2004-2018,6,0,
SC,ITA_SC_NAS.Signoella.164590,tmyx_2007-2021,6,0,
SC,ITA_SC_NAS.Signoella.164590,tmyx_2009-2023,6,0,
SC,ITA_SC_Palermo-Boccadifalco.AP.164090,tmyx,6,0,
SC,ITA_SC_Palermo-Boccadifalco.AP.164090,tmyx_2004-2018,6,0,
SC,ITA_SC_Palermo-Boccadifalco.AP.164090,tmyx_2007-2021,6,0,
SC,ITA_SC_Palermo-Boccadifalco.AP.164090,tmyx_2009-2023,0,7,tmyx_2009-2023;tmyx_2009-2023__rcp26_2050;tmyx_2009-2023__rcp26_2080;tmyx_2009-2023__rcp45_2050;tmyx_2009-2023__rcp45_2080;tmyx_2009-2023__rcp85_2050;tmyx_2009-2023__rcp85_2080
SC,ITA_SC_Palermo-Falcone.Borsellino.AP.164050,tmyx,6,0,
SC,ITA_SC_Palermo-Falcone.Borsellino.AP.164050,tmyx_2004-2018,6,0,
SC,ITA_SC_Palermo-Falcone.Borsellino.AP.164050,tmyx_2007-2021,6,0,
SC,ITA_SC_Palermo-Falcone.Borsellino.AP.164050,tmyx_2009-2023,6,0,
SC,ITA_SC_Pantelleria.AP.164700,tmyx,6,0,
SC,ITA_SC_Pantelleria.AP.164700,tmyx_2004-2018,6,0,
SC,ITA_SC_Pantelleria.AP.164700,tmyx_2007-2021,6,0,
SC,ITA_SC_Pantelleria.AP.164700,tmyx_2009-2023,6,0,
SC,ITA_SC_Prizzi.164340,tmyx,6,0,
SC,ITA_SC_Prizzi.164340,tmyx_2004-2018,6,0,
SC,ITA_SC_Prizzi.164340,tmyx_2007-2021,6,0,
SC,ITA_SC_Prizzi.164340,tmyx_2009-2023,6,0,
SC,ITA_SC_Sciacca.164360,tmyx,6,0,
SC,ITA_SC_Sciacca.164360,tmyx_2004-2018,0,7,tmyx_2004-2018;tmyx_2004-2018__rcp26_2050;tmyx_2004-2018__rcp26_2080;tmyx_2004-2018__rcp45_2050;tmyx_2004-2018__rcp45_2080;tmyx_2004-2018__rcp85_2050;tmyx_2004-2018__rcp85_2080
SC,ITA_SC_Sciacca.164360,tmyx_2007-2021,6,0,
SC,ITA_SC_Sciacca.164360,tmyx_2009-2023,6,0,
SC,ITA_SC_Siracusa.164640,tmyx,6,0,
SC,ITA_SC_Siracusa.164640,tmyx_2004-2018,0,7,tmyx_2004-2018;tmyx_2004-2018__rcp26_2050;tmyx_2004-2018__rcp26_2080;tmyx_2004-2018__rcp45_2050;tmyx_2004-2018__rcp45_2080;tmyx_2004-2018__rcp85_2050;tmyx_2004-2018__rcp85_2080
SC,ITA_SC_Siracusa.164640,tmyx_2007-2021,6,0,
SC,ITA_SC_Siracusa.164640,tmyx_2009-2023,6,0,
SC,ITA_SC_Trapani.Birgi.AP.164290,tmyx,6,0,
SC,ITA_SC_Trapani.Birgi.AP.164290,tmyx_2004-2018,6,0,
SC,ITA_SC_Trapani.Birgi.AP.164290,tmyx_2007-2021,6,0,
SC,ITA_SC_Trapani.Birgi.AP.164290,tmyx_2009-2023,6,0,
SC,ITA_SC_Ustica.Island.164000,tmyx,6,0,
SC,ITA_SC_Ustica.Island.164000,tmyx_2004-2018,6,0,
SC,ITA_SC_Ustica.Island.164000,tmyx_2007-2021,6,0,
SC,ITA_SC_Ustica.Island.164000,tmyx_2009-2023,6,0,
SD,ITA_SD_Alghero-Fertilia.AB.165200,tmyx,6,0,
SD,ITA_SD_Alghero-Fertilia.AB.165200,tmyx_2004-2018,6,0,
SD,ITA_SD_Alghero-Fertilia.AB.165200,tmyx_2007-2021,6,0,
SD,ITA_SD_Alghero-Fertilia.AB.165200,tmyx_2009-2023,6,0,
SD,ITA_SD_Cagliari.AP-Elmas.AB.165600,tmyx,6,0,
SD,ITA_SD_Cagliari.AP-Elmas.AB.165600,tmyx_2004-2018,6,0,
SD,ITA_SD_Cagliari.AP-Elmas.AB.165600,tmyx_2007-2021,6,0,
SD,ITA_SD_Cagliari.AP-Elmas.AB.165600,tmyx_2009-2023,6,0,
SD,ITA_SD_Cape.Bellavista.165500,tmyx,6,0,
SD,ITA_SD_Cape.Bellavista.165500,tmyx_2004-2018,6,0,
SD,ITA_SD_Cape.Bellavista.165500,tmyx_2007-2021,6,0,
SD,ITA_SD_Cape.Bellavista.165500,tmyx_2009-2023,6,0,
SD,ITA_SD_Cape.Caccia.165220,tmyx,6,0,
SD,ITA_SD_Cape.Caccia.165220,tmyx_2004-2018,6,0,
SD,ITA_SD_Cape.Caccia.165220,tmyx_2007-2021,6,0,
SD,ITA_SD_Cape.Caccia.165220,tmyx_2009-2023,6,0,
SD,ITA_SD_Cape.Carbonara.165640,tmyx,6,0,
SD,ITA_SD_Cape.Carbonara.165640,tmyx_2004-2018,6,0,
SD,ITA_SD_Cape.Carbonara.165640,tmyx_2007-2021,6,0,
SD,ITA_SD_Cape.Carbonara.165640,tmyx_2009-2023,6,0,
SD,ITA_SD_Cape.Frasca.165390,tmyx,6,0,
SD,ITA_SD_Cape.Frasca.165390,tmyx_2004-2018,6,0,
SD,ITA_SD_Cape.Frasca.165390,tmyx_2007-2021,6,0,
SD,ITA_SD_Cape.Frasca.165390,tmyx_2009-2023,6,0,
SD,ITA_SD_Cape.S.Lorenzo.165420,tmyx,6,0,
SD,ITA_SD_Cape.S.Lorenzo.165420,tmyx_2004-2018,0,7,tmyx_2004-2018;tmyx_2004-2018__rcp26_2050;tmyx_2004-2018__rcp26_2080;tmyx_2004-2018__rcp45_2050;tmyx_2004-2018__rcp45_2080;tmyx_2004-2018__rcp85_2050;tmyx_2004-2018__rcp85_2080
SD,ITA_SD_Cape.S.Lorenzo.165420,tmyx_2007-2021,6,0,
SD,ITA_SD_Cape.S.Lorenzo.165420,tmyx_2009-2023,6,0,
SD,ITA_SD_Carloforte.165490,tmyx,6,0,
SD,ITA_SD_Carloforte.165490,tmyx_2004-2018,0,7,tmyx_2004-2018;tmyx_2004-2018__rcp26_2050;tmyx_2004-2018__rcp26_2080;tmyx_2004-2018__rcp45_2050;tmyx_2004-2018__rcp45_2080;tmyx_2004-2018__rcp85_2050;tmyx_2004-2018__rcp85_2080
SD,ITA_SD_Carloforte.165490,tmyx_2007-2021,0,7,tmyx_2007-2021;tmyx_2007-2021__rcp26_2050;tmyx_2007-2021__rcp26_2080;tmyx_2007-2021__rcp45_2050;tmyx_2007-2021__rcp45_2080;tmyx_2007-2021__rcp85_2050;tmyx_2007-2021__rcp85_2080
SD,ITA_SD_Carloforte.165490,tmyx_2009-2023,0,7,tmyx_2009-2023;tmyx_2009-2023__rcp26_2050;tmyx_2009-2023__rcp26_2080;tmyx_2009-2023__rcp45_2050;tmyx_2009-2023__rcp45_2080;tmyx_2009-2023__rcp85_2050;tmyx_2009-2023__rcp85_2080
SD,ITA_SD_Decimomannu.AB.165460,tmyx,6,0,
SD,ITA_SD_Decimomannu.AB.165460,tmyx_2004-2018,6,0,
SD,ITA_SD_Decimomannu.AB.165460,tmyx_2007-2021,6,0,
SD,ITA_SD_Decimomannu.AB.165460,tmyx_2009-2023,6,0,
SD,ITA_SD_Fonni.165380,tmyx,6,0,
SD,ITA_SD_Fonni.165380,tmyx_2004-2018,0,7,tmyx_2004-2018;tmyx_2004-2018__rcp26_2050;tmyx_2004-2018__rcp26_2080;tmyx_2004-2018__rcp45_2050;tmyx_2004-2018__rcp45_2080;tmyx_2004-2018__rcp85_2050;tmyx_2004-2018__rcp85_2080
SD,ITA_SD_Fonni.165380,tmyx_2007-2021,0,7,tmyx_2007-2021;tmyx_2007-2021__rcp26_2050;tmyx_2007-2021__rcp26_2080;tmyx_2007-2021__rcp45_2050;tmyx_2007-2021__rcp45_2080;tmyx_2007-2021__rcp85_2050;tmyx_2007-2021__rcp85_2080
SD,ITA_SD_Fonni.165380,tmyx_2009-2023,0,7,tmyx_2009-2023;tmyx_2009-2023__rcp26_2050;tmyx_2009-2023__rcp26_2080;tmyx_2009-2023__rcp45_2050;tmyx_2009-2023__rcp45_2080;tmyx_2009-2023__rcp85_2050;tmyx_2009-2023__rcp85_2080
SD,ITA_SD_Guardiavecchia.165060,tmyx,6,0,
SD,ITA_SD_Guardiavecchia.165060,tmyx_2004-2018,0,7,tmyx_2004-2018;tmyx_2004-2018__rcp26_2050;tmyx_2004-2018__rcp26_2080;tmyx_2004-2018__rcp45_2050;tmyx_2004-2018__rcp45_2080;tmyx_2004-2018__rcp85_2050;tmyx_2004-2018__rcp85_2080
SD,ITA_SD_Guardiavecchia.165060,tmyx_2007-2021,0,7,tmyx_2007-2021;tmyx_2007-2021__rcp26_2050;tmyx_2007-2021__rcp26_2080;tmyx_2007-2021__rcp45_2050;tmyx_2007-2021__rcp45_2080;tmyx_2007-2021__rcp85_2050;tmyx_2007-2021__rcp85_2080
SD,ITA_SD_Guardiavecchia.165060,tmyx_2009-2023,0,7,tmyx_2009-2023;tmyx_2009-2023__rcp26_2050;tmyx_2009-2023__rcp26_2080;tmyx_2009-2023__rcp45_2050;tmyx_2009-2023__rcp45_2080;tmyx_2009-2023__rcp85_2050;tmyx_2009-2023__rcp85_2080
SD,ITA_SD_Limbara.Mtn.165320,tmyx,6,0,
SD,ITA_SD_Limbara.Mtn.165320,tmyx_2004-2018,0,7,tmyx_2004-2018;tmyx_2004-2018__rcp26_2050;tmyx_2004-2018__rcp26_2080;tmyx_2004-2018__rcp45_2050;tmyx_2004-2018__rcp45_2080;tmyx_2004-2018__rcp85_2050;tmyx_2004-2018__rcp85_2080
SD,ITA_SD_Limbara.Mtn.165320,tmyx_2007-2021,6,0,
SD,ITA_SD_Limbara.Mtn.165320,tmyx_2009-2023,6,0,
SD,ITA_SD_Macomer.Sa-Crabarza.165240,tmyx,6,0,
SD,ITA_SD_Macomer.Sa-Crabarza.165240,tmyx_2004-2018,0,7,tmyx_2004-2018;tmyx_2004-2018__rcp26_2050;tmyx_2004-2018__rcp26_2080;tmyx_2004-2018__rcp45_2050;tmyx_2004-2018__rcp45_2080;tmyx_2004-2018__rcp85_2050;tmyx_2004-2018__rcp85_2080
SD,ITA_SD_Macomer.Sa-Crabarza.165240,tmyx_2007-2021,0,7,tmyx_2007-2021;tmyx_2007-2021__rcp26_2050;tmyx_2007-2021__rcp26_2080;tmyx_2007-2021__rcp45_2050;tmyx_2007-2021__rcp45_2080;tmyx_2007-2021__rcp85_2050;tmyx_2007-2021__rcp85_2080
SD,ITA_SD_Macomer.Sa-Crabarza.165240,tmyx_2009-2023,0,7,tmyx_2009-2023;tmyx_2009-2023__rcp26_2050;tmyx_2009-2023__rcp26_2080;tmyx_2009-2023__rcp45_2050;tmyx_2009-2023__rcp45_2080;tmyx_2009-2023__rcp85_2050;tmyx_2009-2023__rcp85_2080
SD,ITA_SD_Olbia-Costa.Smeralda.AP.165310,tmyx,6,0,
SD,ITA_SD_Olbia-Costa.Smeralda.AP.165310,tmyx_2004-2018,6,0,
SD,ITA_SD_Olbia-Costa.Smeralda.AP.165310,tmyx_2007-2021,6,0,
SD,ITA_SD_Olbia-Costa.Smeralda.AP.165310,tmyx_2009-2023,6,0,
SD,ITA_SD_Olsia.165300,tmyx,6,0,
SD,ITA_SD_Olsia.165300,tmyx_2004-2018,0,7,tmyx_2004-2018;tmyx_2004-2018__rcp26_2050;tmyx_2004-2018__rcp26_2080;tmyx_2004-2018__rcp45_2050;tmyx_2004-2018__rcp45_2080;tmyx_2004-2018__rcp85_2050;tmyx_2004-2018__rcp85_2080
SD,ITA_SD_Olsia.165300,tmyx_2007-2021,0,7,tmyx_2007-2021;tmyx_2007-2021__rcp26_2050;tmyx_2007-2021__rcp26_2080;tmyx_2007-2021__rcp45_2050;tmyx_2007-2021__rcp45_2080;tmyx_2007-2021__rcp85_2050;tmyx_2007-2021__rcp85_2080
SD,ITA_SD_Olsia.165300,tmyx_2009-2023,0,7,tmyx_2009-2023;tmyx_2009-2023__rcp26_2050;tmyx_2009-2023__rcp26_2080;tmyx_2009-2023__rcp45_2050;tmyx_2009-2023__rcp45_2080;tmyx_2009-2023__rcp85_2050;tmyx_2009-2023__rcp85_2080
SD,ITA_SD_Perdasdefogu.165410,tmyx,6,0,
SD,ITA_SD_Perdasdefogu.165410,tmyx_2004-2018,0,7,tmyx_2004-2018;tmyx_2004-2018__rcp26_2050;tmyx_2004-2018__rcp26_2080;tmyx_2004-2018__rcp45_2050;tmyx_2004-2018__rcp45_2080;tmyx_2004-2018__rcp85_2050;tmyx_2004-2018__rcp85_2080
SD,ITA_SD_Perdasdefogu.165410,tmyx_2007-2021,6,0,
SD,ITA_SD_Perdasdefogu.165410,tmyx_2009-2023,6,0,
TC,ITA_TC_Arezzo-Molin.Bianco.AP.161720,tmyx,6,0,
TC,ITA_TC_Arezzo-Molin.Bianco.AP.161720,tmyx_2004-2018,6,0,
TC,ITA_TC_Arezzo-Molin.Bianco.AP.161720,tmyx_2007-2021,6,0,
TC,ITA_TC_Arezzo-Molin.Bianco.AP.161720,tmyx_2009-2023,6,0,
TC,ITA_TC_Argentario.Mtn.161680,tmyx,6,0,
TC,ITA_TC_Argentario.Mtn.161680,tmyx_2004-2018,6,0,
TC,ITA_TC_Argentario.Mtn.161680,tmyx_2007-2021,6,0,
TC,ITA_TC_Argentario.Mtn.161680,tmyx_2009-2023,6,0,
TC,ITA_TC_Calamita.Mtn.161970,tmyx,6,0,
TC,ITA_TC_Calamita.Mtn.161970,tmyx_2004-2018,6,0,
TC,ITA_TC_Calamita.Mtn.161970,tmyx_2007-2021,6,0,
TC,ITA_TC_Calamita.Mtn.161970,tmyx_2009-2023,6,0,
TC,ITA_TC_Firenze-Peretola.AP.161700,tmyx,6,0,
TC,ITA_TC_Firenze-Peretola.AP.161700,tmyx_2004-2018,6,0,
TC,ITA_TC_Firenze-Peretola.AP.161700,tmyx_2007-2021,6,0,
TC,ITA_TC_Firenze-Peretola.AP.161700,tmyx_2009-2023,6,0,
TC,ITA_TC_Firenze.161710,tmyx,6,0,
TC,ITA_TC_Firenze.161710,tmyx_2004-2018,0,7,tmyx_2004-2018;tmyx_2004-2018__rcp26_2050;tmyx_2004-2018__rcp26_2080;tmyx_2004-2018__rcp45_2050;tmyx_2004-2018__rcp45_2080;tmyx_2004-2018__rcp85_2050;tmyx_2004-2018__rcp85_2080
TC,ITA_TC_Firenze.161710,tmyx_2007-2021,6,0,
TC,ITA_TC_Firenze.161710,tmyx_2009-2023,6,0,
TC,ITA_TC_Grosseto.AP.162060,tmyx,6,0,
TC,ITA_TC_Grosseto.AP.162060,tmyx_2004-2018,6,0,
TC,ITA_TC_Grosseto.AP.162060,tmyx_2007-2021,6,0,
TC,ITA_TC_Grosseto.AP.162060,tmyx_2009-2023,6,0,
TC,ITA_TC_Isola.D-Elba.161980,tmyx,6,0,
TC,ITA_TC_Isola.D-Elba.161980,tmyx_2004-2018,0,7,tmyx_2004-2018;tmyx_2004-2018__rcp26_2050;tmyx_2004-2018__rcp26_2080;tmyx_2004-2018__rcp45_2050;tmyx_2004-2018__rcp45_2080;tmyx_2004-2018__rcp85_2050;tmyx_2004-2018__rcp85_2080
TC,ITA_TC_Isola.D-Elba.161980,tmyx_2007-2021,0,7,tmyx_2007-2021;tmyx_2007-2021__rcp26_2050;tmyx_2007-2021__rcp26_2080;tmyx_2007-2021__rcp45_2050;tmyx_2007-2021__rcp45_2080;tmyx_2007-2021__rcp85_2050;tmyx_2007-2021__rcp85_2080
TC,ITA_TC_Isola.D-Elba.161980,tmyx_2009-2023,0,7,tmyx_2009-2023;tmyx_2009-2023__rcp26_2050;tmyx_2009-2023__rcp26_2080;tmyx_2009-2023__rcp45_2050;tmyx_2009-2023__rcp45_2080;tmyx_2009-2023__rcp85_2050;tmyx_2009-2023__rcp85_2080
TC,ITA_TC_Isola.Gorgona.161540,tmyx,6,0,
TC,ITA_TC_Isola.Gorgona.161540,tmyx_2004-2018,0,7,tmyx_2004-2018;tmyx_2004-2018__rcp26_2050;tmyx_2004-2018__rcp26_2080;tmyx_2004-2018__rcp45_2050;tmyx_2004-2018__rcp45_2080;tmyx_2004-2018__rcp85_2050;tmyx_2004-2018__rcp85_2080
TC,ITA_TC_Isola.Gorgona.161540,tmyx_2007-2021,0,7,tmyx_2007-2021;tmyx_2007-2021__rcp26_2050;tmyx_2007-2021__rcp26_2080;tmyx_2007-2021__rcp45_2050;tmyx_2007-2021__rcp45_2080;tmyx_2007-2021__rcp85_2050;tmyx_2007-2021__rcp85_2080
TC,ITA_TC_Isola.Gorgona.161540,tmyx_2009-2023,0,7,tmyx_2009-2023;tmyx_2009-2023__rcp26_2050;tmyx_2009-2023__rcp26_2080;tmyx_2009-2023__rcp45_2050;tmyx_2009-2023__rcp45_2080;tmyx_2009-2023__rcp85_2050;tmyx_2009-2023__rcp85_2080
TC,ITA_TC_Pianosa.Island.162000,tmyx,6,0,
TC,ITA_TC_Pianosa.Island.162000,tmyx_2004-2018,0,7,tmyx_2004-2018;tmyx_2004-2018__rcp26_2050;tmyx_2004-2018__rcp26_2080;tmyx_2004-2018__rcp45_2050;tmyx_2004-2018__rcp45_2080;tmyx_2004-2018__rcp85_2050;tmyx_2004-2018__rcp85_2080
TC,ITA_TC_Pianosa.Island.162000,tmyx_2007-2021,0,7,tmyx_2007-2021;tmyx_2007-2021__rcp26_2050;tmyx_2007-2021__rcp26_2080;tmyx_2007-2021__rcp45_2050;tmyx_2007-2021__rcp45_2080;tmyx_2007-2021__rcp85_2050;tmyx_2007-2021__rcp85_2080
TC,ITA_TC_Pianosa.Island.162000,tmyx_2009-2023,0,7,tmyx_2009-2023;tmyx_2009-2023__rcp26_2050;tmyx_2009-2023__rcp26_2080;tmyx_2009-2023__rcp45_2050;tmyx_2009-2023__rcp45_2080;tmyx_2009-2023__rcp85_2050;tmyx_2009-2023__rcp85_2080
TC,ITA_TC_Pisa-Galileo.Galilei.AP.161580,tmyx,6,0,
TC,ITA_TC_Pisa-Galileo.Galilei.AP.161580,tmyx_2004-2018,6,0,
TC,ITA_TC_Pisa-Galileo.Galilei.AP.161580,tmyx_2007-2021,6,0,
TC,ITA_TC_Pisa-Galileo.Galilei.AP.161580,tmyx_2009-2023,6,0,
TC,ITA_TC_Porretta.Pass.161350,tmyx,6,0,
TC,ITA_TC_Porretta.Pass.161350,tmyx_2004-2018,0,7,tmyx_2004-2018;tmyx_2004-2018__rcp26_2050;tmyx_2004-2018__rcp26_2080;tmyx_2004-2018__rcp45_2050;tmyx_2004-2018__rcp45_2080;tmyx_2004-2018__rcp85_2050;tmyx_2004-2018__rcp85_2080
TC,ITA_TC_Porretta.Pass.161350,tmyx_2007-2021,0,7,tmyx_2007-2021;tmyx_2007-2021__rcp26_2050;tmyx_2007-2021__rcp26_2080;tmyx_2007-2021__rcp45_2050;tmyx_2007-2021__rcp45_2080;tmyx_2007-2021__rcp85_2050;tmyx_2007-2021__rcp85_2080
TC,ITA_TC_Porretta.Pass.161350,tmyx_2009-2023,0,7,tmyx_2009-2023;tmyx_2009-2023__rcp26_2050;tmyx_2009-2023__rcp26_2080;tmyx_2009-2023__rcp45_2050;tmyx_2009-2023__rcp45_2080;tmyx_2009-2023__rcp85_2050;tmyx_2009-2023__rcp85_2080
TC,ITA_TC_Radicofani.162040,tmyx,6,0,
TC,ITA_TC_Radicofani.162040,tmyx_2004-2018,0,7,tmyx_2004-2018;tmyx_2004-2018__rcp26_2050;tmyx_2004-2018__rcp26_2080;tmyx_2004-2018__rcp45_2050;tmyx_2004-2018__rcp45_2080;tmyx_2004-2018__rcp85_2050;tmyx_2004-2018__rcp85_2080
TC,ITA_TC_Radicofani.162040,tmyx_2007-2021,6,0,
TC,ITA_TC_Radicofani.162040,tmyx_2009-2023,6,0,
TC,ITA_TC_Rifredo.Mugello.161420,tmyx,6,0,
TC,ITA_TC_Rifredo.Mugello.161420,tmyx_2004-2018,0,7,tmyx_2004-2018;tmyx_2004-2018__rcp26_2050;tmyx_2004-2018__rcp26_2080;tmyx_2004-2018__rcp45_2050;tmyx_2004-2018__rcp45_2080;tmyx_2004-2018__rcp85_2050;tmyx_2004-2018__rcp85_2080
TC,ITA_TC_Rifredo.Mugello.161420,tmyx_2007-2021,0,7,tmyx_2007-2021;tmyx_2007-2021__rcp26_2050;tmyx_2007-2021__rcp26_2080;tmyx_2007-2021__rcp45_2050;tmyx_2007-2021__rcp45_2080;tmyx_2007-2021__rcp85_2050;tmyx_2007-2021__rcp85_2080
TC,ITA_TC_Rifredo.Mugello.161420,tmyx_2009-2023,0,7,tmyx_2009-2023;tmyx_2009-2023__rcp26_2050;tmyx_2009-2023__rcp26_2080;tmyx_2009-2023__rcp45_2050;tmyx_2009-2023__rcp45_2080;tmyx_2009-2023__rcp85_2050;tmyx_2009-2023__rcp85_2080
TC,ITA_TC_Volterra.161640,tmyx,6,0,
TC,ITA_TC_Volterra.161640,tmyx_2004-2018,0,7,tmyx_2004-2018;tmyx_2004-2018__rcp26_2050;tmyx_2004-2018__rcp26_2080;tmyx_2004-2018__rcp45_2050;tmyx_2004-2018__rcp45_2080;tmyx_2004-2018__rcp85_2050;tmyx_2004-2018__rcp85_2080
TC,ITA_TC_Volterra.161640,tmyx_2007-2021,0,7,tmyx_2007-2021;tmyx_2007-2021__rcp26_2050;tmyx_2007-2021__rcp26_2080;tmyx_2007-2021__rcp45_2050;tmyx_2007-2021__rcp45_2080;tmyx_2007-2021__rcp85_2050;tmyx_2007-2021__rcp85_2080
TC,ITA_TC_Volterra.161640,tmyx_2009-2023,0,7,tmyx_2009-2023;tmyx_2009-2023__rcp26_2050;tmyx_2009-2023__rcp26_2080;tmyx_2009-2023__rcp45_2050;tmyx_2009-2023__rcp45_2080;tmyx_2009-2023__rcp85_2050;tmyx_2009-2023__rcp85_2080
TT,ITA_TT_Bolzano.AP.160200,tmyx,6,0,
TT,ITA_TT_Bolzano.AP.160200,tmyx_2004-2018,6,0,
TT,ITA_TT_Bolzano.AP.160200,tmyx_2007-2021,6,0,
TT,ITA_TT_Bolzano.AP.160200,tmyx_2009-2023,6,0,
TT,ITA_TT_Brennero.Pass.111290,tmyx,6,0,
TT,ITA_TT_Brennero.Pass.111290,tmyx_2004-2018,0,7,tmyx_2004-2018;tmyx_2004-2018__rcp26_2050;tmyx_2004-2018__rcp26_2080;tmyx_2004-2018__rcp45_2050;tmyx_2004-2018__rcp45_2080;tmyx_2004-2018__rcp85_2050;tmyx_2004-2018__rcp85_2080
TT,ITA_TT_Brennero.Pass.111290,tmyx_2007-2021,6,0,
TT,ITA_TT_Brennero.Pass.111290,tmyx_2009-2023,6,0,
TT,ITA_TT_Colle.Del.Gigante.160530,tmyx,6,0,
TT,ITA_TT_Colle.Del.Gigante.160530,tmyx_2004-2018,0,7,tmyx_2004-2018;tmyx_2004-2018__rcp26_2050;tmyx_2004-2018__rcp26_2080;tmyx_2004-2018__rcp45_2050;tmyx_2004-2018__rcp45_2080;tmyx_2004-2018__rcp85_2050;tmyx_2004-2018__rcp85_2080
TT,ITA_TT_Colle.Del.Gigante.160530,tmyx_2007-2021,0,7,tmyx_2007-2021;tmyx_2007-2021__rcp26_2050;tmyx_2007-2021__rcp26_2080;tmyx_2007-2021__rcp45_2050;tmyx_2007-2021__rcp45_2080;tmyx_2007-2021__rcp85_2050;tmyx_2007-2021__rcp85_2080
TT,ITA_TT_Colle.Del.Gigante.160530,tmyx_2009-2023,0,7,tmyx_2009-2023;tmyx_2009-2023__rcp26_2050;tmyx_2009-2023__rcp26_2080;tmyx_2009-2023__rcp45_2050;tmyx_2009-2023__rcp45_2080;tmyx_2009-2023__rcp85_2050;tmyx_2009-2023__rcp85_2080
TT,ITA_TT_Dobbiaco.160330,tmyx,6,0,
TT,ITA_TT_Dobbiaco.160330,tmyx_2004-2018,6,0,
TT,ITA_TT_Dobbiaco.160330,tmyx_2007-2021,6,0,
TT,ITA_TT_Dobbiaco.160330,tmyx_2009-2023,6,0,
TT,ITA_TT_Paganella.Mtn.160220,tmyx,6,0,
TT,ITA_TT_Paganella.Mtn.160220,tmyx_2004-2018,6,0,
TT,ITA_TT_Paganella.Mtn.160220,tmyx_2007-2021,6,0,
TT,ITA_TT_Paganella.Mtn.160220,tmyx_2009-2023,6,0,
TT,ITA_TT_Reschen.Pass.160083,tmyx,6,0,
TT,ITA_TT_Reschen.Pass.160083,tmyx_2004-2018,6,0,
TT,ITA_TT_Reschen.Pass.160083,tmyx_2007-2021,6,0,
TT,ITA_TT_Reschen.Pass.160083,tmyx_2009-2023,6,0,
TT,ITA_TT_Rolle.Pass.160210,tmyx,6,0,
TT,ITA_TT_Rolle.Pass.160210,tmyx_2004-2018,6,0,
TT,ITA_TT_Rolle.Pass.160210,tmyx_2007-2021,6,0,
TT,ITA_TT_Rolle.Pass.160210,tmyx_2009-2023,6,0,
TT,ITA_TT_San.Valentino.Alla.Muta.160080,tmyx,6,0,
TT,ITA_TT_San.Valentino.Alla.Muta.160080,tmyx_2004-2018,6,0,
TT,ITA_TT_San.Valentino.Alla.Muta.160080,tmyx_2007-2021,6,0,
TT,ITA_TT_San.Valentino.Alla.Muta.160080,tmyx_2009-2023,6,0,
TT,ITA_TT_Trento.AP.160230,tmyx,6,0,
TT,ITA_TT_Trento.AP.160230,tmyx_2004-2018,0,7,tmyx_2004-2018;tmyx_2004-2018__rcp26_2050;tmyx_2004-2018__rcp26_2080;tmyx_2004-2018__rcp45_2050;tmyx_2004-2018__rcp45_2080;tmyx_2004-2018__rcp85_2050;tmyx_2004-2018__rcp85_2080
TT,ITA_TT_Trento.AP.160230,tmyx_2007-2021,6,0,
TT,ITA_TT_Trento.AP.160230,tmyx_2009-2023,6,0,
TT,ITA_TT_Vipiteno.160140,tmyx,6,0,
TT,ITA_TT_Vipiteno.160140,tmyx_2004-2018,0,7,tmyx_2004-2018;tmyx_2004-2018__rcp26_2050;tmyx_2004-2018__rcp26_2080;tmyx_2004-2018__rcp45_2050;tmyx_2004-2018__rcp45_2080;tmyx_2004-2018__rcp85_2050;tmyx_2004-2018__rcp85_2080
TT,ITA_TT_Vipiteno.160140,tmyx_2007-2021,6,0,
TT,ITA_TT_Vipiteno.160140,tmyx_2009-2023,6,0,
UM,ITA_UM_Umbria-Perugia-d-Assisi.AP.161810,tmyx,6,0,
UM,ITA_UM_Umbria-Perugia-d-Assisi.AP.161810,tmyx_2004-2018,6,0,
UM,ITA_UM_Umbria-Perugia-d-Assisi.AP.161810,tmyx_2007-2021,6,0,
UM,ITA_UM_Umbria-Perugia-d-Assisi.AP.161810,tmyx_2009-2023,6,0,
VD,ITA_VD_Aosta.AP.160540,tmyx,6,0,
VD,ITA_VD_Aosta.AP.160540,tmyx_2004-2018,0,7,tmyx_2004-2018;tmyx_2004-2018__rcp26_2050;tmyx_2004-2018__rcp26_2080;tmyx_2004-2018__rcp45_2050;tmyx_2004-2018__rcp45_2080;tmyx_2004-2018__rcp85_2050;tmyx_2004-2018__rcp85_2080
VD,ITA_VD_Aosta.AP.160540,tmyx_2007-2021,6,0,
VD,ITA_VD_Aosta.AP.160540,tmyx_2009-2023,6,0,
VD,ITA_VD_Novara-Cameri.AB.160640,tmyx,6,0,
VD,ITA_VD_Novara-Cameri.AB.160640,tmyx_2004-2018,0,7,tmyx_2004-2018;tmyx_2004-2018__rcp26_2050;tmyx_2004-2018__rcp26_2080;tmyx_2004-2018__rcp45_2050;tmyx_2004-2018__rcp45_2080;tmyx_2004-2018__rcp85_2050;tmyx_2004-2018__rcp85_2080
VD,ITA_VD_Novara-Cameri.AB.160640,tmyx_2007-2021,6,0,
VD,ITA_VD_Novara-Cameri.AB.160640,tmyx_2009-2023,6,0,
VD,ITA_VD_Pian.Rosa.Mtn.160520,tmyx,6,0,
VD,ITA_VD_Pian.Rosa.Mtn.160520,tmyx_2004-2018,6,0,
VD,ITA_VD_Pian.Rosa.Mtn.160520,tmyx_2007-2021,6,0,
VD,ITA_VD_Pian.Rosa.Mtn.160520,tmyx_2009-2023,6,0,
VN,ITA_VN_Concordia.Sagittaria.161070,tmyx,6,0,
VN,ITA_VN_Concordia.Sagittaria.161070,tmyx_2004-2018,0,7,tmyx_2004-2018;tmyx_2004-2018__rcp26_2050;tmyx_2004-2018__rcp26_2080;tmyx_2004-2018__rcp45_2050;tmyx_2004-2018__rcp45_2080;tmyx_2004-2018__rcp85_2050;tmyx_2004-2018__rcp85_2080
VN,ITA_VN_Concordia.Sagittaria.161070,tmyx_2007-2021,6,0,
VN,ITA_VN_Concordia.Sagittaria.161070,tmyx_2009-2023,6,0,
VN,ITA_VN_Grappa.Mtn.160920,tmyx,6,0,
VN,ITA_VN_Grappa.Mtn.160920,tmyx_2004-2018,0,7,tmyx_2004-2018;tmyx_2004-2018__rcp26_2050;tmyx_2004-2018__rcp26_2080;tmyx_2004-2018__rcp45_2050;tmyx_2004-2018__rcp45_2080;tmyx_2004-2018__rcp85_2050;tmyx_2004-2018__rcp85_2080
VN,ITA_VN_Grappa.Mtn.160920,tmyx_2007-2021,0,7,tmyx_2007-2021;tmyx_2007-2021__rcp26_2050;tmyx_2007-2021__rcp26_2080;tmyx_2007-2021__rcp45_2050;tmyx_2007-2021__rcp45_2080;tmyx_2007-2021__rcp85_2050;tmyx_2007-2021__rcp85_2080
VN,ITA_VN_Grappa.Mtn.160920,tmyx_2009-2023,0,7,tmyx_2009-2023;tmyx_2009-2023__rcp26_2050;tmyx_2009-2023__rcp26_2080;tmyx_2009-2023__rcp45_2050;tmyx_2009-2023__rcp45_2080;tmyx_2009-2023__rcp85_2050;tmyx_2009-2023__rcp85_2080
VN,ITA_VN_Istrana.AB.160980,tmyx,6,0,
VN,ITA_VN_Istrana.AB.160980,tmyx_2004-2018,6,0,
VN,ITA_VN_Istrana.AB.160980,tmyx_2007-2021,6,0,
VN,ITA_VN_Istrana.AB.160980,tmyx_2009-2023,6,0,
VN,ITA_VN_Padova.AP.160950,tmyx,6,0,
VN,ITA_VN_Padova.AP.160950,tmyx_2004-2018,6,0,
VN,ITA_VN_Padova.AP.160950,tmyx_2007-2021,6,0,
VN,ITA_VN_Padova.AP.160950,tmyx_2009-2023,6,0,
VN,ITA_VN_Treviso.AP.160990,tmyx,6,0,
VN,ITA_VN_Treviso.AP.160990,tmyx_2004-2018,6,0,
VN,ITA_VN_Treviso.AP.160990,tmyx_2007-2021,6,0,
VN,ITA_VN_Treviso.AP.160990,tmyx_2009-2023,6,0,
VN,ITA_VN_Venezia-Lido.AF.161010,tmyx,6,0,
VN,ITA_VN_Venezia-Lido.AF.161010,tmyx_2004-2018,0,7,tmyx_2004-2018;tmyx_2004-2018__rcp26_2050;tmyx_2004-2018__rcp26_2080;tmyx_2004-2018__rcp45_2050;tmyx_2004-2018__rcp45_2080;tmyx_2004-2018__rcp85_2050;tmyx_2004-2018__rcp85_2080
VN,ITA_VN_Venezia-Lido.AF.161010,tmyx_2007-2021,6,0,
VN,ITA_VN_Venezia-Lido.AF.161010,tmyx_2009-2023,6,0,
VN,ITA_VN_Venezia-Polo.AP.161050,tmyx,6,0,
VN,ITA_VN_Venezia-Polo.AP.161050,tmyx_2004-2018,6,0,
VN,ITA_VN_Venezia-Polo.AP.161050,tmyx_2007-2021,6,0,
VN,ITA_VN_Venezia-Polo.AP.161050,tmyx_2009-2023,6,0,
VN,ITA_VN_Verona.Catullo.AP.160900,tmyx,6,0,
VN,ITA_VN_Verona.Catullo.AP.160900,tmyx_2004-2018,6,0,
VN,ITA_VN_Verona.Catullo.AP.160900,tmyx_2007-2021,6,0,
VN,ITA_VN_Verona.Catullo.AP.160900,tmyx_2009-2023,6,0,
VN,ITA_VN_Vicenza.AB.160940,tmyx,6,0,
VN,ITA_VN_Vicenza.AB.160940,tmyx_2004-2018,0,7,tmyx_2004-2018;tmyx_2004-2018__rcp26_2050;tmyx_2004-2018__rcp26_2080;tmyx_2004-2018__rcp45_2050;tmyx_2004-2018__rcp45_2080;tmyx_2004-2018__rcp85_2050;tmyx_2004-2018__rcp85_2080
VN,ITA_VN_Vicenza.AB.160940,tmyx_2007-2021,0,7,tmyx_2007-2021;tmyx_2007-2021__rcp26_2050;tmyx_2007-2021__rcp26_2080;tmyx_2007-2021__rcp45_2050;tmyx_2007-2021__rcp45_2080;tmyx_2007-2021__rcp85_2050;tmyx_2007-2021__rcp85_2080
VN,ITA_VN_Vicenza.AB.160940,tmyx_2009-2023,0,7,tmyx_2009-2023;tmyx_2009-2023__rcp26_2050;tmyx_2009-2023__rcp26_2080;tmyx_2009-2023__rcp45_2050;tmyx_2009-2023__rcp45_2080;tmyx_2009-2023__rcp85_2050;tmyx_2009-2023__rcp85_2080
